price,ratings,pagenum,originalprice,discount,brand,processor,rear_camera_mp,front_camera_mp,phone_warranty_category,box_warranty_category,battery_m_ah,display_inches,ram,storage
25999,4.6,1,32999,21%,realme,Dimensity 7400 Ultra Processor,50MP,50MP + 8MP,1 Year,1 Year,10001,6.8,8,128
7999,4.3,1,9999,20%,MOTOROLA,Helio G81 Processor,50MP,8MP,1 Year,1 Year,7000,6.88,4,64
14998,4.4,1,17499,14%,IQOO,Dimensity 6300 Processor,50MP,50MP,1 Year,1 Year,6500,6.7,6,128
11998,4.2,1,13999,14%,IQOO,Dimensity 6300 Processor,50MP,50MP,1 Year,No Warranty,6000,6.74,4,128
6999,4.3,1,7999,12%,Ai,T615 Processor,50MP,5MP,1 Year,1 Year,5000,6.745,4,64
6599,3.0,1,7999,17%,I,Dimensity 6300 Processor,20MP,8MP,1 Year,1 Year,4000,6.53,4,64
7499,4.1,1,9999,25%,Ai,T615 Processor,50MP,5MP,1 Year,1 Year,5000,6.745,6,128
16499,4.4,1,17999,8%,realme,Dimensity 7400 Ultra Processor,50MP,50MP + 2MP,1 Year,1 Year,7000,6.72,6,128
19999,4.3,1,20999,4%,realme,Dimensity 7400 Ultra Processor,50MP,50MP + 2MP,1 Year,1 Year,7000,6.72,8,256
14996,4.4,1,17499,14%,IQOO,Dimensity 6300 Processor,50MP,50MP,1 Year,1 Year,6500,6.7,6,128
22487,4.4,1,24999,10%,IQOO,Dimensity 6300 Processor,50MP,50MP,1 Year,No Warranty,5700,6.77,8,256
12029,4.2,1,13999,14%,IQOO,Dimensity 6300 Processor,50MP,50MP,1 Year,No Warranty,6000,6.74,4,128
10382,4.3,1,11999,13%,REDMI,Dimensity 6300 Processor,50MP,50MP,1 Year,No Warranty,5160,6.88,4,128
13060,4.3,1,14999,12%,IQOO,Dimensity 6300 Processor,50MP,50MP,1 Year,No Warranty,6000,6.74,6,128
9499,4.3,1,10999,13%,realme,Dimensity 6300 Processor,32MP,32MP,1 Year,No Warranty,6300,6.74,6,128
8499,4.2,1,10999,22%,POCO,Dimensity 6300 Processor,50MP,5MP,1 Year,1 Year,5160,6.88,4,64
863,3.1,1,1998,56%,Samsung,Dimensity 6300 Processor,50MP,0MP,1 Year,No Warranty,5500,1.8,8,0
10569,4.3,1,11999,11%,REDMI,Dimensity 6300 Processor,50MP,50MP,1 Year,No Warranty,5160,6.88,4,128
1198,4.0,1,1549,22%,LAVA,Mtk Processor,50MP,0MP,1 Year,1 Year,1200,2.4,32,0
994,3.9,2,1249,20%,Nokia,SC6531E Processor,50MP,0MP,Up to 6 Months,No Warranty,5500,1.77,8,0
13999,4.4,2,17999,22%,MOTOROLA,Dimensity 6300 Processor,50MP,50MP + 8MP,1 Year,1 Year,7000,6.72,8,128
25999,4.6,2,32999,21%,realme,Dimensity 7400 Ultra Processor,50MP,50MP + 8MP,1 Year,1 Year,10001,6.8,8,128
15280,4.3,2,16999,10%,IQOO,Dimensity 6300 Processor,50MP,50MP,1 Year,No Warranty,6000,6.74,8,256
1009,3.8,2,1499,32%,hmd,SC6531E Processor,50MP,50MP,1 Year,No Warranty,1000,2.0,32,0
8499,4.2,2,10999,22%,POCO,Dimensity 6300 Processor,50MP,5MP,1 Year,1 Year,5160,6.88,4,64
7249,4.3,2,8999,19%,realme,T612 Processor,32MP,5MP,1 Year,1 Year,5000,6.745,4,64
491,3.4,2,999,50%,HOTLINE,Dimensity 6300 Processor,50MP,50MP,Up to 6 Months,No Warranty,1000,1.8,32,0
6999,4.3,2,7999,12%,Ai,T615 Processor,50MP,5MP,1 Year,1 Year,5000,6.745,4,64
7299,4.3,2,8999,18%,Tecno,Unisoc T61 Processor,13MP,8MP,1 Year,No Warranty,5000,6.67,4,64
21650,4.4,2,25999,16%,IQOO,Dimensity 6300 Processor,50MP,50MP,1 Year,1 Year,7300,6.7,8,128
20167,4.4,2,23499,14%,IQOO,Dimensity 6300 Processor,50MP,50MP,1 Year,No Warranty,5700,6.77,8,128
20363,4.4,2,23499,13%,IQOO,Dimensity 6300 Processor,50MP,50MP,1 Year,No Warranty,5700,6.77,8,128
16228,4.3,2,16999,4%,IQOO,Dimensity 6300 Processor,50MP,50MP,1 Year,No Warranty,6000,6.74,8,256
879,4.0,2,1499,41%,Kechaoda,Dimensity 6300 Processor,50MP,50MP,Up to 6 Months,No Warranty,5500,0.66,16,0
999,4.2,2,1399,28%,LAVA,Mtk Processor,50MP,0MP,1 Year,1 Year,1000,2.0,32,0
8999,4.2,2,12499,28%,Samsung,Dimensity 6300 Processor,50MP,8MP,1 Year,1 Year,5000,6.7,4,64
16196,4.4,2,18999,14%,IQOO,Dimensity 6300 Processor,50MP,50MP,1 Year,1 Year,6500,6.7,8,128
8999,4.2,2,10999,18%,Ai,T8200 Processor,50MP,5MP,1 Year,1 Year,5000,6.745,6,128
775,3.1,2,1798,56%,Samsung,Dimensity 6300 Processor,50MP,0MP,1 Year,No Warranty,5500,1.8,8,0
994,3.9,2,1249,20%,Nokia,Dimensity 6300 Processor,50MP,0MP,1 Year,1 Year,5500,1.77,8,0
21600,4.4,2,25999,16%,IQOO,Dimensity 6300 Processor,50MP,50MP,1 Year,1 Year,7300,6.7,8,128
10999,4.4,2,12999,15%,vivo,Dimensity 6300 5G Processor,50MP,5MP,1 Year,1 Year,6000,6.74,4,64
889,4.0,3,1499,40%,Kechaoda,Dimensity 6300 Processor,50MP,0MP,Up to 6 Months,No Warranty,5500,0.66,16,0
16228,4.4,3,18999,14%,IQOO,Dimensity 6300 Processor,50MP,50MP,1 Year,1 Year,6500,6.7,8,128
25999,4.6,3,32999,21%,realme,Dimensity 7400 Ultra Processor,50MP,50MP + 8MP,1 Year,1 Year,10001,6.8,8,128
1380,4.0,3,1890,26%,KARBONN,Dimensity 6300 Processor,1.3MP,50MP,1 Year,1 Year,1800,2.4,16,0
8799,4.1,3,9999,12%,POCO,Dimensity 6300 Processor,32MP,8MP,1 Year,1 Year,5200,6.88,6,128
7299,4.2,3,9999,27%,MOTOROLA,Helio G81 Processor,50MP,8MP,1 Year,1 Year,5100,6.67,4,64
9699,4.2,3,10999,11%,realme,T7250 Processor,13MP,5MP,1 Year,1 Year,6300,6.75,6,128
469,3.5,3,999,53%,HOTLINE,Dimensity 6300 Processor,0.3MP,0.3MP,No Warranty,No Warranty,1000,1.8,8,0
2295,4.0,3,2990,23%,KARBONN,Single Core Processor,50MP,0MP,1 Year,1 Year,2000,2.4,128,0
1297,4.1,3,1890,31%,KARBONN,Dimensity 6300 Processor,2MP,50MP,1 Year,No Warranty,1800,2.6,8,0
13999,4.3,3,16999,17%,POCO,Snapdragon 6s Gen 3 5G Processor,50MP,50MP,1 Year,1 Year,7000,6.9,6,128
898,3.1,3,1899,52%,Samsung,Dimensity 6300 Processor,50MP,0MP,No Warranty,No Warranty,5500,1.8,8,0
1439,4.2,3,1890,23%,KARBONN,Dimensity 6300 Processor,50MP,0MP,1 Year,No Warranty,1800,2.4,32,0
1089,4.0,3,1590,31%,KARBONN,MAD Processor,50MP,0.5MP,1 Year,No Warranty,1000,2.0,32,0
24368,4.4,3,27999,12%,IQOO,Dimensity 6300 Processor,50MP,50MP,1 Year,No Warranty,7300,6.77,8,256
7799,3.9,3,8999,13%,POCO,Dimensity 6300 Processor,32MP,8MP,1 Year,1 Year,5200,6.88,4,64
999,4.1,3,1499,33%,Kechaoda,Dimensity 6300 Processor,0.3MP,0.3MP,Up to 6 Months,No Warranty,5500,1.44,8,0
1097,3.4,3,1590,31%,KARBONN,MAD Processor,50MP,0MP,1 Year,No Warranty,1000,2.0,32,0
1140,4.0,3,1590,28%,KARBONN,MAD Processor,50MP,0.5MP,1 Year,No Warranty,1000,2.0,32,0
8990,4.3,3,8999,21%,realme,T7250 Processor,13MP,5MP,1 Year,1 Year,6300,6.75,4,64
7499,4.3,3,8999,16%,Tecno,T7250 Processor,13MP,50MP,1 Year,No Warranty,5000,6.67,4,64
8999,4.2,3,12499,28%,Samsung,Dimensity 6300 Processor,50MP,8MP,1 Year,1 Year,5000,6.7,4,64
1149,3.8,3,1699,32%,Nokia,SC6531E Processor,50MP,50MP,Up to 6 Months,Up to 6 Months,1000,6.7,8,0
8999,4.2,4,10999,18%,Ai,T8200 Processor,50MP,5MP,1 Year,1 Year,5000,6.745,6,128
18589,4.4,4,20499,9%,IQOO,Dimensity 6300 Processor,50MP,50MP,1 Year,1 Year,6500,6.7,8,256
899,4.0,4,1499,40%,Kechaoda,Dimensity 6300 Processor,50MP,0MP,Up to 6 Months,No Warranty,5500,0.66,16,0
11477,4.2,4,12999,11%,REDMI,Snapdragon 4s Gen 2 5G Processor,50MP,50MP + 50MP,1 Year,1 Year,5160,6.88,6,128
25999,4.6,4,32999,21%,realme,Dimensity 7400 Ultra Processor,50MP,50MP + 8MP,1 Year,1 Year,10001,6.8,8,128
1380,4.0,4,1890,26%,KARBONN,Dimensity 6300 Processor,1.3MP,50MP,1 Year,1 Year,1800,2.4,16,0
10499,4.2,4,13999,25%,REDMI,Dimensity 6300 Processor,50MP,8MP,1 Year,1 Year,5160,6.88,4,128
13999,4.4,4,17999,22%,MOTOROLA,Dimensity 6300 Processor,50MP,50MP + 8MP,1 Year,1 Year,7000,6.72,8,128
2295,4.0,4,2990,23%,KARBONN,Single Core Processor,50MP,0MP,1 Year,1 Year,2000,2.4,128,0
1297,4.1,4,1890,31%,KARBONN,Dimensity 6300 Processor,2MP,50MP,1 Year,No Warranty,1800,2.6,8,0
10799,4.1,4,12999,16%,POCO,Dimensity 6300 Processor,50MP,8MP,1 Year,1 Year,5160,6.88,6,128
8799,4.1,4,9999,12%,POCO,Dimensity 6300 Processor,32MP,8MP,1 Year,1 Year,5200,6.88,6,128
15499,4.5,4,17999,13%,vivo,Dimensity 7300 5G Processor,50MP,50MP + 2MP,1 Year,1 Year,6500,6.72,6,128
7499,4.1,4,9999,25%,Ai,T615 Processor,50MP,5MP,1 Year,1 Year,5000,6.745,6,128
1439,4.2,4,1890,23%,KARBONN,Dimensity 6300 Processor,50MP,0MP,1 Year,No Warranty,1800,2.4,32,0
1089,4.0,4,1590,31%,KARBONN,MAD Processor,50MP,0.5MP,1 Year,No Warranty,1000,2.0,32,0
18290,4.4,4,20499,10%,IQOO,Dimensity 6300 Processor,50MP,50MP,1 Year,1 Year,6500,6.7,8,256
560,3.9,4,999,43%,Jmax,Dimensity 6300 Processor,0.3MP,0.3MP,1 Year,No Warranty,1100,1.8,8,0
1097,3.4,4,1590,31%,KARBONN,MAD Processor,50MP,0MP,1 Year,No Warranty,1000,2.0,32,0
1140,4.0,4,1590,28%,KARBONN,MAD Processor,50MP,0.5MP,1 Year,No Warranty,1000,2.0,32,0
9999,4.2,4,13999,28%,Samsung,Dimensity 6300 Processor,50MP,8MP,1 Year,1 Year,5000,6.7,4,128
18999,4.4,4,22999,17%,MOTOROLA,Dimensity 6300 Processor,50MP,50MP + 8MP,1 Year,1 Year,5500,6.67,8,256
461,3.4,4,999,53%,HOTLINE,Dimensity 6300 Processor,50MP,0MP,Up to 6 Months,No Warranty,1100,1.8,16,0
13999,4.3,4,19999,30%,REDMI,Dimensity 7025 Ultra Processor,50MP,50MP + 8MP + 2MP,1 Year,1 Year,5110,6.67,6,128
25999,4.6,5,32999,21%,realme,Dimensity 7400 Ultra Processor,50MP,50MP + 8MP,1 Year,1 Year,10001,6.8,8,128
11999,4.4,5,13999,14%,vivo,Dimensity 6300 5G Processor,50MP,5MP,1 Year,1 Year,6000,6.74,4,128
13999,4.4,5,17999,22%,MOTOROLA,Dimensity 6300 Processor,50MP,50MP + 8MP,1 Year,1 Year,7000,6.72,8,128
777,3.7,5,1299,40%,leysky,Mediatek Processor,50MP,50MP,Up to 6 Months,No Warranty,5500,0.66,16,0
8799,4.1,5,9999,12%,POCO,Dimensity 6300 Processor,32MP,8MP,1 Year,1 Year,5200,6.88,6,128
15999,4.4,5,18999,15%,MOTOROLA,Dimensity 6300 Processor,50MP,50MP + 8MP,1 Year,1 Year,7000,6.7,8,128
9999,4.2,5,13999,28%,Samsung,Dimensity 6300 Processor,50MP,8MP,1 Year,1 Year,5000,6.7,4,128
14999,4.3,5,16999,11%,vivo,Dimensity 6300 5G Processor,50MP,5MP,1 Year,1 Year,6000,6.74,8,256
899,4.0,5,1499,40%,Kechaoda,Dimensity 6300 Processor,50MP,0MP,Up to 6 Months,No Warranty,5500,0.66,16,0
15499,4.5,5,17999,13%,vivo,Dimensity 7300 5G Processor,50MP,50MP + 2MP,1 Year,1 Year,6500,6.72,6,128
8497,4.3,5,8999,5%,realme,Dimensity 6300 Processor,32MP,32MP,1 Year,No Warranty,6300,6.74,4,64
599,3.9,5,1199,50%,Jmax,Dimensity 6300 Processor,0.3MP,0.3MP,Up to 6 Months,No Warranty,1100,1.8,8,0
999,4.1,5,1499,33%,Kechaoda,Dimensity 6300 Processor,50MP,0MP,Up to 6 Months,No Warranty,5500,1.44,32,0
11999,4.2,5,12499,4%,MOTOROLA,T760 Processor,50MP,16MP,1 Year,1 Year,5000,6.72,4,128
6999,4.3,5,7999,12%,Ai,T615 Processor,50MP,5MP,1 Year,1 Year,5000,6.745,4,64
966,4.1,5,1399,30%,LAVA,Dimensity 6300 Processor,50MP,50MP,1 Year,1 Year,1000,1.77,32,0
12999,4.4,5,14999,13%,vivo,Dimensity 6300 5G Processor,50MP,5MP,1 Year,1 Year,6000,6.74,6,128
13499,4.3,5,18999,28%,POCO,Dimensity 7025 Ultra Processor,50MP,50MP + 2MP,1 Year,1 Year,5110,6.67,6,128
7499,4.1,5,9999,25%,Ai,T615 Processor,50MP,5MP,1 Year,1 Year,5000,6.745,6,128
12448,4.2,5,17999,30%,POCO,Snapdragon 4 Gen2 AE Processor,50MP,13MP,1 Year,1 Year,5030,6.79,8,128
10799,4.1,5,12999,16%,POCO,Dimensity 6300 Processor,50MP,8MP,1 Year,1 Year,5160,6.88,6,128
6899,4.3,5,8599,19%,Tecno,Unisoc T61 Processor,13MP,8MP,1 Year,No Warranty,5000,6.67,3,64
1259,3.7,5,1599,21%,Nokia,SC6531E Processor,50MP,0MP,Up to 6 Months,Up to 6 Months,1000,1.77,8,0
25999,4.6,6,32999,21%,realme,Dimensity 7400 Ultra Processor,50MP,50MP + 8MP,1 Year,1 Year,10001,6.8,8,128
1380,4.0,6,1890,26%,KARBONN,Dimensity 6300 Processor,1.3MP,50MP,1 Year,1 Year,1800,2.4,16,0
10999,4.4,6,12999,15%,vivo,Dimensity 6300 5G Processor,50MP,5MP,1 Year,1 Year,6000,6.74,4,64
999,4.2,6,1399,28%,LAVA,Mtk Processor,50MP,0MP,1 Year,1 Year,1000,2.0,32,0
899,4.0,6,1499,40%,Kechaoda,Dimensity 6300 Processor,50MP,50MP,Up to 6 Months,No Warranty,5500,0.66,16,0
2295,4.0,6,2990,23%,KARBONN,Single Core Processor,50MP,0MP,1 Year,1 Year,2000,2.4,128,0
1297,4.1,6,1890,31%,KARBONN,Dimensity 6300 Processor,2MP,50MP,1 Year,No Warranty,1800,2.6,8,0
16999,4.5,6,32999,21%,OPPO,Dimensity 6300 Processor,50MP,8MP,1 Year,1 Year,6000,6.67,6,128
1439,4.2,6,1890,23%,KARBONN,Dimensity 6300 Processor,50MP,0MP,1 Year,No Warranty,1800,2.4,32,0
1089,4.0,6,1590,31%,KARBONN,MAD Processor,50MP,0.5MP,1 Year,No Warranty,1000,2.0,32,0
6999,4.3,6,7999,12%,Ai,T615 Processor,50MP,5MP,1 Year,1 Year,5000,6.745,4,64
24999,4.4,6,26999,7%,vivo,Dimensity 7400 5G Processor,50MP,50MP,1 Year,1 Year,5700,6.77,12,256
1255,4.0,6,1890,33%,KARBONN,Dimensity 6300 Processor,50MP,2MP,1 Year,1 Year,1800,2.4,8,0
3149,3.9,6,4199,25%,Jio,Dimensity 6300 Processor,0.3MP,50MP,1 Year,No Warranty,1800,2.4,4,128
1097,3.4,6,1590,31%,KARBONN,MAD Processor,50MP,0MP,1 Year,No Warranty,1000,2.0,32,0
1140,4.0,6,1590,28%,KARBONN,MAD Processor,50MP,0.5MP,1 Year,No Warranty,1000,2.0,32,0
1379,4.0,6,1599,13%,itel,Dimensity 6300 Processor,0.8MP,50MP,1 Year,No Warranty,2000,2.4,32,0
12448,4.2,6,17999,30%,POCO,Snapdragon 4 Gen2 AE Processor,50MP,13MP,1 Year,1 Year,5030,6.79,8,128
27769,4.4,6,29999,7%,IQOO,Dimensity 6300 Processor,50MP,50MP,1 Year,1 Year,7300,6.7,12,256
14328,4.4,6,16999,15%,realme,Dimensity 6300 Processor,50MP,50MP,1 Year,No Warranty,7000,6.8,6,128
25969,4.5,6,28999,10%,OnePlus,Dimensity 6300 Processor,50MP,50MP,1 Year,No Warranty,7100,6.77,8,128
18590,4.4,6,20499,9%,IQOO,Dimensity 6300 Processor,50MP,50MP,1 Year,1 Year,6500,6.7,8,256
1379,4.0,7,1599,13%,itel,Dimensity 6300 Processor,0.8MP,50MP,1 Year,No Warranty,2000,2.4,32,0
11999,4.2,7,12499,4%,MOTOROLA,T760 Processor,50MP,16MP,1 Year,1 Year,5000,6.72,4,128
25999,4.6,7,32999,21%,realme,Dimensity 7400 Ultra Processor,50MP,50MP + 8MP,1 Year,1 Year,10001,6.8,8,128
30999,4.6,7,37999,18%,realme,Dimensity 7400 Ultra Processor,50MP,50MP + 8MP,1 Year,1 Year,10001,6.8,12,256
17999,4.3,7,19999,10%,MOTOROLA,Dimensity 7400 Processor,50MP,32MP,1 Year,1 Year,6720,6.7,8,128
11999,4.4,7,12999,7%,realme,Dimensity 6300 Processor,32MP,8MP,1 Year,1 Year,6000,6.67,4,128
28277,4.5,7,30999,8%,OnePlus,Dimensity 6300 Processor,50MP,50MP,1 Year,No Warranty,7100,6.77,8,256
775,3.1,7,1798,56%,Samsung,Dimensity 6300 Processor,50MP,0MP,1 Year,No Warranty,5500,1.8,8,0
39999,4.5,7,49999,20%,Google,Tensor G4 Processor,50MP,48MP + 12MP,1 Year,No Warranty,5100,6.285,8,256
15288,4.3,7,17999,15%,realme,Dimensity 6300 Processor,50MP,50MP,1 Year,No Warranty,7000,6.8,8,128
3149,3.9,7,4199,25%,Jio,Dimensity 6300 Processor,0.3MP,50MP,1 Year,No Warranty,1800,2.4,4,128
20999,4.4,7,24999,16%,MOTOROLA,Dimensity 7400 Processor,50MP,32MP,1 Year,1 Year,5500,6.67,8,128
8799,4.1,7,9999,12%,POCO,Dimensity 6300 Processor,32MP,8MP,1 Year,1 Year,5200,6.88,6,128
19999,4.4,7,33999,41%,Samsung,Exynos 1380 Processor,50MP,13MP,1 Year,1 Year,5000,6.6,8,128
17999,4.4,7,19999,10%,Infinix,Dimensity 7300 Ultimate Processor,50MP,64MP + 2MP,1 Year,1 Year,5500,6.78,6,128
8999,4.2,7,12499,28%,Samsung,Dimensity 6300 Processor,50MP,8MP,1 Year,1 Year,5000,6.7,4,64
11999,4.3,7,15499,22%,POCO,Dimensity 6300 Processor,50MP,8MP,1 Year,1 Year,6000,6.9,6,128
27769,4.4,7,29999,7%,IQOO,Dimensity 6300 Processor,50MP,50MP,1 Year,1 Year,7300,6.7,12,256
709,4.1,7,1699,58%,Jio,Dimensity 6300 Processor,0.3MP,0MP,1 Year,No Warranty,1000,4.5,8,0
1430,3.8,7,1999,28%,Micromax,Dimensity 6300 Processor,0.3MP,0.3MP,No Warranty,No Warranty,2700,2.4,8,0
14999,4.3,7,17999,16%,POCO,Snapdragon 6s Gen 3 5G Processor,50MP,50MP,1 Year,1 Year,7000,6.9,8,128
20363,4.4,7,23499,13%,IQOO,Dimensity 6300 Processor,50MP,50MP,1 Year,No Warranty,5700,6.77,8,128
899,4.0,8,1499,40%,Kechaoda,Dimensity 6300 Processor,50MP,0MP,Up to 6 Months,No Warranty,5500,0.66,16,0
11477,4.2,8,12999,11%,REDMI,Snapdragon 4s Gen 2 5G Processor,50MP,50MP + 50MP,1 Year,1 Year,5160,6.88,6,128
25999,4.6,8,32999,21%,realme,Dimensity 7400 Ultra Processor,50MP,50MP + 8MP,1 Year,1 Year,10001,6.8,8,128
20167,4.4,8,23499,14%,IQOO,Dimensity 6300 Processor,50MP,50MP,1 Year,No Warranty,5700,6.77,8,128
20363,4.4,8,23499,13%,IQOO,Dimensity 6300 Processor,50MP,50MP,1 Year,No Warranty,5700,6.77,8,128
22487,4.4,8,24999,10%,IQOO,Dimensity 6300 Processor,50MP,50MP,1 Year,No Warranty,5700,6.77,8,256
11999,4.3,8,15499,22%,POCO,Dimensity 6300 Processor,50MP,8MP,1 Year,1 Year,6000,6.9,6,128
11390,4.3,8,13999,18%,realme,Dimensity 6300 Processor,32MP,32MP,1 Year,No Warranty,6000,6.67,4,128
54900,4.6,23,32999,21%,Apple,A15 Bionic Chip,50MP,12MP,1 Year,1 Year,5500,6.1,128,0
1677,4.1,8,2099,20%,LAVA,Mtk Processor,50MP,0MP,1 Year,No Warranty,2575,2.8,32,32
14999,4.3,8,17999,16%,POCO,Snapdragon 6s Gen 3 5G Processor,50MP,50MP,1 Year,1 Year,7000,6.9,8,128
6999,4.3,8,7999,12%,Ai,T615 Processor,50MP,5MP,1 Year,1 Year,5000,6.745,4,64
22599,4.4,8,24999,9%,IQOO,Dimensity 6300 Processor,50MP,50MP,1 Year,No Warranty,5700,6.77,8,256
10799,4.1,8,12999,16%,POCO,Dimensity 6300 Processor,50MP,8MP,1 Year,1 Year,5160,6.88,6,128
27999,4.6,8,34999,20%,realme,Dimensity 7400 Ultra Processor,50MP,50MP + 8MP,1 Year,1 Year,10001,6.8,8,256
11878,4.2,8,12999,8%,REDMI,Snapdragon 4s Gen 2 5G Processor,50MP,50MP + 50MP,1 Year,1 Year,5160,6.88,6,128
64999,4.5,8,79999,18%,MOTOROLA,Snapdragon 8 Gen 5 Processor,50MP,50MP + 50MP + 50MP,1 Year,1 Year,5200,6.8,16,512
13499,4.3,8,18999,28%,POCO,Dimensity 7025 Ultra Processor,50MP,50MP + 2MP,1 Year,1 Year,5110,6.67,6,128
599,4.0,8,999,40%,Jmax,Dimensity 6300 Processor,0.3MP,0.3MP,Up to 6 Months,No Warranty,1150,1.8,8,0
29999,4.3,8,36999,18%,MOTOROLA,Dimensity 8350 Processor,50MP,50MP + 50MP + 10MP,1 Year,1 Year,6000,6.7,8,256
24799,4.3,8,26999,8%,IQOO,Dimensity 6300 Processor,50MP,50MP,1 Year,No Warranty,5700,6.77,12,256
1430,3.8,8,1999,28%,Micromax,Dimensity 6300 Processor,0.3MP,0.3MP,No Warranty,No Warranty,2700,2.4,8,0
17999,4.4,8,19999,10%,Infinix,Dimensity 7300 Ultimate Processor,50MP,64MP + 2MP,1 Year,1 Year,5500,6.78,6,128
25455,4.3,9,26999,5%,IQOO,Dimensity 6300 Processor,50MP,50MP,1 Year,No Warranty,5700,6.77,12,256
863,3.1,9,1998,56%,Samsung,Dimensity 6300 Processor,50MP,0MP,1 Year,No Warranty,5500,1.8,8,0
599,3.9,9,1199,50%,Jmax,Dimensity 6300 Processor,0.3MP,0.3MP,Up to 6 Months,No Warranty,1100,1.8,8,0
25965,4.5,9,28999,10%,OnePlus,Dimensity 6300 Processor,50MP,50MP,1 Year,No Warranty,7100,6.77,8,128
25999,4.6,9,32999,21%,realme,Dimensity 7400 Ultra Processor,50MP,50MP + 8MP,1 Year,1 Year,10001,6.8,8,128
1409,4.0,9,1599,11%,itel,Dimensity 6300 Processor,0.8MP,50MP,1 Year,No Warranty,2000,2.4,32,0
599,4.0,9,999,40%,Jmax,Dimensity 6300 Processor,0.3MP,0.3MP,Up to 6 Months,No Warranty,1150,1.8,8,0
6999,4.3,9,7999,12%,Ai,T615 Processor,50MP,5MP,1 Year,1 Year,5000,6.745,4,64
783,3.1,9,1698,53%,Samsung,Dimensity 6300 Processor,50MP,0MP,No Warranty,No Warranty,5500,1.8,8,0
15999,4.4,9,32999,21%,OPPO,Dimensity 6300 Processor,50MP,8MP,1 Year,1 Year,6000,6.67,4,128
15280,4.3,9,16999,10%,IQOO,Dimensity 6300 Processor,50MP,50MP,1 Year,No Warranty,6000,6.74,8,256
11878,4.2,9,12999,8%,REDMI,Snapdragon 4s Gen 2 5G Processor,50MP,50MP + 50MP,1 Year,1 Year,5160,6.88,6,128
1028,4.1,9,1399,26%,LAVA,Mtk Processor,50MP,0MP,1 Year,1 Year,1000,2.0,32,0
29999,4.5,9,32999,9%,Nothing,Dimensity 6300 Processor,50MP,50MP,1 Year,No Warranty,5000,6.7,8,128
34999,4.4,9,42999,18%,OPPO,Dimensity 6300 Processor,50MP,50MP + 8MP + 2MP,1 Year,1 Year,7000,6.57,8,256
11998,4.2,9,13999,14%,IQOO,Dimensity 6300 Processor,50MP,50MP,1 Year,No Warranty,6000,6.74,4,128
13060,4.3,9,14999,12%,IQOO,Dimensity 6300 Processor,50MP,50MP,1 Year,No Warranty,6000,6.74,6,128
1259,3.7,9,1599,21%,Nokia,SC6531E Processor,50MP,0MP,Up to 6 Months,Up to 6 Months,1000,1.77,8,0
33999,4.5,9,36999,8%,Nothing,Dimensity 6300 Processor,50MP,50MP,1 Year,No Warranty,5000,6.7,12,256
8497,4.3,9,8999,5%,realme,Dimensity 6300 Processor,32MP,32MP,1 Year,No Warranty,6300,6.74,4,64
8999,4.2,9,10999,18%,Ai,T8200 Processor,50MP,5MP,1 Year,1 Year,5000,6.745,6,128
1677,4.1,9,2099,20%,LAVA,Dimensity 6300 Processor,50MP,0MP,1 Year,1 Year,2575,2.8,32,32
54900,4.6,24,32999,21%,Apple,A15 Bionic Chip,50MP,12MP,1 Year,1 Year,5500,6.1,128,0
25999,4.6,10,32999,21%,realme,Dimensity 7400 Ultra Processor,50MP,50MP + 8MP,1 Year,1 Year,10001,6.8,8,128
29999,4.5,10,32999,9%,Nothing,Dimensity 6300 Processor,50MP,50MP,1 Year,No Warranty,5000,6.7,8,128
64900,4.6,17,69900,7%,Apple,A16 Bionic Chip,50MP,12MP,1 Year,1 Year,5500,6.1,256,0
29999,4.3,10,36999,18%,MOTOROLA,Dimensity 8350 Processor,50MP,50MP + 50MP + 10MP,1 Year,1 Year,6000,6.7,8,256
1259,3.7,10,1599,21%,Nokia,SC6531E Processor,50MP,0MP,Up to 6 Months,Up to 6 Months,1000,1.77,8,0
12029,4.2,10,13999,14%,IQOO,Dimensity 6300 Processor,50MP,50MP,1 Year,No Warranty,6000,6.74,4,128
13354,4.3,10,14999,10%,IQOO,Dimensity 6300 Processor,50MP,50MP,1 Year,No Warranty,6000,6.74,6,128
975,4.0,10,1599,39%,MOTOROLA,Dimensity 6300 Processor,50MP,50MP,1 Year,1 Year,5500,1.8,3,64
35999,4.4,10,37999,5%,POCO,Dimensity 6300 Processor,50MP,50MP,1 Year,1 Year,7550,6.83,12,512
10382,4.3,10,11999,13%,REDMI,Dimensity 6300 Processor,50MP,50MP,1 Year,No Warranty,5160,6.88,4,128
9782,4.3,10,10999,11%,REDMI,Dimensity 6300 Processor,50MP,50MP,1 Year,No Warranty,5160,6.88,4,64
8999,4.2,10,10999,18%,Ai,T8200 Processor,50MP,5MP,1 Year,1 Year,5000,6.745,6,128
52883,4.6,10,59999,11%,OnePlus,Dimensity 6300 Processor,50MP,50MP,1 Year,1 Year,7400,6.83,12,512
10999,4.3,10,11999,8%,Tecno,Dimensity 6400 5G Processor,50MP,5MP,1 Year,No Warranty,6000,6.74,4,128
1293,4.0,10,1890,31%,KARBONN,Dimensity 6300 Processor,50MP,50MP,1 Year,No Warranty,1800,2.4,32,0
8599,4.3,10,8999,4%,realme,Dimensity 6300 Processor,32MP,32MP,1 Year,No Warranty,6300,6.74,4,64
6999,4.3,10,7999,12%,Ai,T615 Processor,50MP,5MP,1 Year,1 Year,5000,6.745,4,64
8975,4.3,10,10999,18%,realme,Dimensity 6300 Processor,32MP,32MP,1 Year,No Warranty,6300,6.74,6,128
1149,3.8,10,1699,32%,Nokia,SC6531E Processor,50MP,50MP,Up to 6 Months,Up to 6 Months,1000,6.7,8,0
31499,4.5,10,32999,4%,OnePlus,Dimensity 6300 Processor,50MP,50MP,1 Year,No Warranty,7100,6.77,12,256
34999,4.4,10,42999,18%,OPPO,Dimensity 6300 Processor,50MP,50MP + 8MP + 2MP,1 Year,1 Year,7000,6.57,8,256
781,4.1,10,1699,54%,Samsung,Dimensity 6300 Processor,50MP,50MP,No Warranty,No Warranty,5500,1.5,8,0
25999,4.6,11,32999,21%,realme,Dimensity 7400 Ultra Processor,50MP,50MP + 8MP,1 Year,1 Year,10001,6.8,8,128
47934,4.6,11,54999,12%,OnePlus,Dimensity 6300 Processor,50MP,50MP,1 Year,1 Year,7400,6.83,12,256
899,4.0,11,1499,40%,Kechaoda,Dimensity 6300 Processor,50MP,0MP,Up to 6 Months,No Warranty,5500,0.66,16,0
19999,4.4,11,33999,41%,Samsung,Exynos 1380 Processor,50MP,13MP,1 Year,1 Year,5000,6.6,8,128
16228,4.3,11,16999,4%,IQOO,Dimensity 6300 Processor,50MP,50MP,1 Year,No Warranty,6000,6.74,8,256
27580,4.4,11,42999,35%,Samsung,Exynos 1480 Processor,50MP,32MP,1 Year,1 Year,5000,6.6,8,128
8199,4.3,11,10999,25%,realme,T612 Processor,32MP,5MP,1 Year,1 Year,5000,6.745,6,128
8999,4.2,11,10999,18%,Ai,T8200 Processor,50MP,5MP,1 Year,1 Year,5000,6.745,6,128
33999,4.5,11,36999,8%,Nothing,Dimensity 6300 Processor,50MP,50MP,1 Year,No Warranty,5000,6.7,12,256
10621,4.1,11,13999,24%,Samsung,Dimensity 6300 Processor,50MP,50MP,1 Year,1 Year,5000,6.7,4,128
1122,4.0,11,1549,27%,MOTOROLA,Dimensity 6300 Processor,50MP,50MP,More than 1 Year,No Warranty,5500,1.8,64,0
15999,4.4,11,18999,15%,MOTOROLA,Dimensity 6300 Processor,50MP,50MP + 8MP,1 Year,1 Year,7000,6.7,8,128
22999,4.4,11,25999,11%,MOTOROLA,Dimensity 7400 Processor,50MP,32MP,1 Year,1 Year,5500,6.67,8,256
17999,4.3,11,19999,10%,MOTOROLA,Dimensity 7400 Processor,50MP,32MP,1 Year,1 Year,6720,6.7,8,128
25800,4.4,11,27999,7%,IQOO,Dimensity 6300 Processor,50MP,50MP,1 Year,1 Year,7300,6.77,8,256
7249,4.3,11,8999,19%,realme,T612 Processor,32MP,5MP,1 Year,1 Year,5000,6.745,4,64
18999,4.4,11,22999,17%,MOTOROLA,Dimensity 6300 Processor,50MP,50MP + 8MP,1 Year,1 Year,5500,6.67,8,256
857,4.4,11,1299,34%,Samsung,Dimensity 6300 Processor,50MP,50MP,No Warranty,No Warranty,5500,1.9,10,0
10699,3.9,11,21999,51%,Acer,Dimensity 6300 Processor,64MP,64MP,1 Year,No Warranty,5000,6.7,8,128
12249,4.1,11,15499,20%,Samsung,Dimensity 6300 Processor,50MP,50MP,1 Year,1 Year,5000,6.7,6,128
898,3.1,11,1899,52%,Samsung,Dimensity 6300 Processor,50MP,0MP,No Warranty,No Warranty,5500,1.8,8,0
20999,4.4,11,24999,16%,MOTOROLA,Dimensity 7400 Processor,50MP,32MP,1 Year,1 Year,5500,6.67,8,128
7799,3.9,11,8999,13%,POCO,Dimensity 6300 Processor,32MP,8MP,1 Year,1 Year,5200,6.88,4,64
7499,4.1,11,9999,25%,Ai,T615 Processor,50MP,5MP,1 Year,1 Year,5000,6.745,6,128
7499,4.1,12,9999,25%,Ai,T615 Processor,50MP,5MP,1 Year,1 Year,5000,6.745,6,128
10799,4.1,12,12999,16%,POCO,Dimensity 6300 Processor,50MP,8MP,1 Year,1 Year,5160,6.88,6,128
25999,4.6,12,32999,21%,realme,Dimensity 7400 Ultra Processor,50MP,50MP + 8MP,1 Year,1 Year,10001,6.8,8,128
6999,4.3,12,7999,12%,Ai,T615 Processor,50MP,5MP,1 Year,1 Year,5000,6.745,4,64
11999,4.3,12,15499,22%,POCO,Dimensity 6300 Processor,50MP,8MP,1 Year,1 Year,6000,6.9,6,128
14999,4.3,12,17999,16%,POCO,Snapdragon 6s Gen 3 5G Processor,50MP,50MP,1 Year,1 Year,7000,6.9,8,128
17999,4.3,12,22999,21%,Samsung,Exynos 1380 Processor,50MP,13MP,1 Year,1 Year,5000,6.7,6,128
27999,4.5,12,32999,15%,vivo,Dimensity 6300 Processor,50MP,50MP + 2MP + 50MP,1 Year,1 Year,6500,6.77,8,128
29999,4.5,12,34999,14%,vivo,Dimensity 6300 Processor,50MP,50MP + 2MP + 50MP,1 Year,1 Year,6500,6.77,8,256
31999,4.5,12,36999,13%,vivo,Dimensity 6300 Processor,50MP,50MP + 2MP + 50MP,1 Year,1 Year,6500,6.77,12,256
957,4.1,12,1499,36%,LAVA,Mtk Processor,50MP,0MP,1 Year,1 Year,1000,1.77,32,0
1329,4.1,12,1699,21%,MOTOROLA,Mtk Processor,50MP,0MP,More than 1 Year,No Warranty,1000,2.0,64,0
59999,4.7,12,79999,25%,vivo,Dimensity 9400+ Processor,50MP,50MP + 50MP + 50MP,1 Year,1 Year,6200,6.67,12,256
69999,4.7,12,87999,20%,vivo,Dimensity 9400+ Processor,50MP,50MP + 50MP + 50MP,1 Year,1 Year,6200,6.67,12,512
999,4.1,12,1499,33%,Kechaoda,Dimensity 6300 Processor,50MP,0MP,Up to 6 Months,No Warranty,5500,1.44,16,0
24513,4.4,12,27999,12%,IQOO,Dimensity 6300 Processor,50MP,50MP,1 Year,1 Year,7300,6.77,8,256
47999,4.6,12,79999,40%,Samsung,Dimensity 6300 Processor,50MP,50MP + 12MP,1 Year,1 Year,4000,6.2,8,256
899,4.0,12,1499,40%,Kechaoda,Dimensity 6300 Processor,50MP,0MP,Up to 6 Months,No Warranty,5500,0.66,16,0
899,4.0,12,1499,40%,Kechaoda,Dimensity 6300 Processor,50MP,50MP,Up to 6 Months,No Warranty,5500,0.66,16,0
8477,4.3,12,8999,5%,realme,T7250 Processor,13MP,5MP,1 Year,1 Year,6300,6.75,4,64
1122,4.0,13,1549,27%,MOTOROLA,Dimensity 6300 Processor,50MP,50MP,More than 1 Year,No Warranty,5500,1.8,64,0
17885,4.3,13,19999,10%,REDMI,Dimensity 6300 Processor,50MP,50MP,1 Year,1 Year,7000,6.9,8,256
25999,4.6,13,32999,21%,realme,Dimensity 7400 Ultra Processor,50MP,50MP + 8MP,1 Year,1 Year,10001,6.8,8,128
8477,4.3,13,8999,5%,realme,T7250 Processor,13MP,5MP,1 Year,1 Year,6300,6.75,4,64
799,3.7,13,1299,38%,leysky,Mediatek Processor,50MP,50MP,Up to 6 Months,No Warranty,5500,0.66,16,0
25800,4.4,13,27999,7%,IQOO,Dimensity 6300 Processor,50MP,50MP,1 Year,1 Year,7300,6.77,8,256
12999,4.1,13,15999,18%,POCO,Snapdragon 6s Gen 3 5G Processor,50MP,50MP,1 Year,1 Year,7000,6.9,4,128
898,3.1,13,1899,52%,Samsung,Dimensity 6300 Processor,50MP,0MP,No Warranty,No Warranty,5500,1.8,8,0
816,3.0,13,1899,57%,Samsung,Dimensity 6300 Processor,50MP,50MP,No Warranty,No Warranty,5500,1.52,8,0
22999,4.5,13,32999,21%,OPPO,Snapdragon 6 Gen 4 Processor,50MP,50MP + 2MP,1 Year,1 Year,7000,6.67,8,128
807,3.0,13,1854,56%,Samsung,Dimensity 6300 Processor,50MP,50MP,No Warranty,No Warranty,5500,1.52,8,0
999,4.1,13,1499,33%,Kechaoda,Dimensity 6300 Processor,50MP,0MP,Up to 6 Months,No Warranty,5500,1.44,16,0
42999,4.6,13,74999,42%,Samsung,Dimensity 6300 Processor,50MP,50MP + 12MP,1 Year,1 Year,4000,6.2,8,128
899,4.0,13,1499,40%,Kechaoda,Dimensity 6300 Processor,50MP,0MP,Up to 6 Months,No Warranty,5500,0.66,16,0
726,3.1,13,1699,57%,Samsung,Dimensity 6300 Processor,50MP,50MP,No Warranty,No Warranty,5500,1.5,8,0
1049,4.2,13,1499,30%,MOTOROLA,Mtk Processor,50MP,0MP,More than 1 Year,No Warranty,5500,1.44,8,0
7499,4.1,13,9999,25%,Ai,T615 Processor,50MP,5MP,1 Year,1 Year,5000,6.745,6,128
899,4.0,13,1499,40%,Kechaoda,Dimensity 6300 Processor,50MP,50MP,Up to 6 Months,No Warranty,5500,0.66,16,0
8999,4.2,13,10999,18%,Ai,T8200 Processor,50MP,5MP,1 Year,1 Year,5000,6.745,6,128
47999,4.6,13,79999,40%,Samsung,Dimensity 6300 Processor,50MP,50MP + 12MP,1 Year,1 Year,4000,6.2,8,256
69999,4.7,13,87999,20%,vivo,Dimensity 9400+ Processor,50MP,50MP + 50MP + 50MP,1 Year,1 Year,6200,6.67,12,512
999,4.1,13,1499,33%,Kechaoda,Dimensity 6300 Processor,50MP,0MP,Up to 6 Months,No Warranty,5500,1.44,32,0
20999,4.6,13,24999,16%,POCO,Dimensity 6300 Processor,50MP,20MP,1 Year,1 Year,5520,6.77,8,256
10569,4.3,13,11999,11%,REDMI,Dimensity 6300 Processor,50MP,50MP,1 Year,No Warranty,5160,6.88,4,128
1198,4.1,14,1499,20%,Kechaoda,Dimensity 6300 Processor,0.3MP,50MP,Up to 6 Months,No Warranty,1700,2.4,16,0
20999,4.6,14,24999,16%,POCO,Dimensity 6300 Processor,50MP,20MP,1 Year,1 Year,5520,6.77,8,256
10569,4.3,14,11999,11%,REDMI,Dimensity 6300 Processor,50MP,50MP,1 Year,No Warranty,5160,6.88,4,128
19499,4.5,14,24999,22%,Infinix,Dimensity 7400 Processor,50MP,64MP + 8MP,1 Year,1 Year,5500,6.78,8,128
25999,4.6,14,32999,21%,realme,Dimensity 7400 Ultra Processor,50MP,50MP + 8MP,1 Year,1 Year,10001,6.8,8,128
37999,4.4,14,42999,11%,MOTOROLA,Dimensity 8350 Processor,50MP,50MP + 50MP + 10MP,1 Year,1 Year,6000,6.7,16,512
69999,4.5,14,84999,17%,MOTOROLA,Snapdragon 8 Gen 5 Processor,50MP,50MP + 50MP + 50MP,1 Year,1 Year,5200,6.8,16,0
16499,4.4,14,17999,8%,realme,Dimensity 7400 Ultra Processor,50MP,50MP + 2MP,1 Year,1 Year,7000,6.72,6,128
1249,4.1,14,1499,16%,Kechaoda,Dimensity 6300 Processor,0.3MP,50MP,Up to 6 Months,No Warranty,1700,2.4,16,0
17999,4.3,14,18999,5%,realme,Dimensity 7400 Ultra Processor,50MP,50MP + 2MP,1 Year,1 Year,7000,6.72,8,128
45999,4.6,14,32999,21%,realme,Dimensity 6300 Processor,50MP,200MP + 50MP + 8MP,1 Year,1 Year,7000,6.8,8,256
43999,4.6,14,32999,21%,realme,Dimensity 6300 Processor,50MP,200MP + 50MP + 8MP,1 Year,1 Year,7000,6.8,8,128
48999,4.7,14,32999,21%,realme,Dimensity 6300 Processor,50MP,200MP + 50MP + 8MP,1 Year,1 Year,7000,6.8,12,256
24999,4.5,14,32999,21%,OPPO,Snapdragon 6 Gen 4 Processor,50MP,50MP + 2MP,1 Year,1 Year,7000,6.67,8,256
22999,4.5,14,32999,21%,OPPO,Snapdragon 6 Gen 4 Processor,50MP,50MP + 2MP,1 Year,1 Year,7000,6.67,8,128
20999,4.4,14,24999,16%,MOTOROLA,Dimensity 7400 Processor,50MP,32MP,1 Year,1 Year,5500,6.67,8,128
976,4.8,14,1290,24%,KARBONN,Dimensity 6300 Processor,50MP,0.03MP,1 Year,1 Year,1000,1.8,16,0
1000,4.4,14,2499,59%,Rhythm,Dimensity 6300 Processor,0.5MP,0.5MP,No Warranty,No Warranty,1500,2.4,4,0
7299,4.3,14,8999,18%,Tecno,Unisoc T61 Processor,13MP,8MP,1 Year,No Warranty,5000,6.67,4,64
1009,3.8,14,1499,32%,hmd,SC6531E Processor,50MP,50MP,1 Year,No Warranty,1000,2.0,32,0
25999,4.6,15,32999,21%,realme,Dimensity 7400 Ultra Processor,50MP,50MP + 8MP,1 Year,1 Year,10001,6.8,8,128
6899,4.3,15,8599,19%,Tecno,Unisoc T61 Processor,13MP,8MP,1 Year,No Warranty,5000,6.67,3,64
16499,4.4,15,17999,8%,realme,Dimensity 7400 Ultra Processor,50MP,50MP + 2MP,1 Year,1 Year,7000,6.72,6,128
17996,4.3,15,19999,10%,REDMI,Dimensity 6300 Processor,50MP,50MP,1 Year,1 Year,7000,6.9,8,256
19499,4.5,15,24999,22%,Infinix,Dimensity 7400 Processor,50MP,64MP + 8MP,1 Year,1 Year,5500,6.78,8,128
7299,4.3,15,8999,18%,Tecno,Unisoc T61 Processor,13MP,8MP,1 Year,No Warranty,5000,6.67,4,64
11999,4.3,15,14999,20%,REDMI,Dimensity 6300 Processor,50MP,8MP,1 Year,1 Year,5160,6.88,6,128
17999,4.3,15,18999,5%,realme,Dimensity 7400 Ultra Processor,50MP,50MP + 2MP,1 Year,1 Year,7000,6.72,8,128
54900,4.6,9,59900,8%,Apple,A16 Bionic Chip,50MP,12MP,1 Year,1 Year,5500,6.1,128,0
33998,4.5,15,34999,2%,OnePlus,Dimensity 6300 Processor,50MP,50MP + 50MP + 8MP,1 Year,No Warranty,6800,6.83,8,256
11999,4.2,15,13499,11%,LAVA,Dimensity 6300 Processor,50MP,50MP,1 Year,1 Year,5000,6.7,6,128
13800,4.3,15,17999,23%,OPPO,Dimensity 6020 Processor,50MP,8MP,1 Year,1 Year,5000,6.56,4,128
9699,4.2,15,10999,11%,realme,T7250 Processor,13MP,5MP,1 Year,1 Year,6300,6.75,6,128
8799,4.1,15,9999,12%,POCO,Dimensity 6300 Processor,32MP,8MP,1 Year,1 Year,5200,6.88,6,128
938,4.1,15,1249,24%,itel,Unisoc Processor,50MP,50MP,1 Year,No Warranty,1000,1.8,32,0
976,4.8,15,1290,24%,KARBONN,Dimensity 6300 Processor,50MP,0.03MP,1 Year,1 Year,1000,1.8,16,0
10499,4.2,15,13999,25%,REDMI,Dimensity 6300 Processor,50MP,8MP,1 Year,1 Year,5160,6.88,4,128
7499,4.1,15,8999,16%,POCO,Helio G36 Processor,8MP,5MP,1 Year,1 Year,5000,6.71,4,64
15425,4.3,15,16999,9%,REDMI,Dimensity 6300 Processor,50MP,50MP,1 Year,1 Year,7000,6.9,6,128
37499,4.6,15,38999,3%,IQOO,Qualcomm Processor,50MP,50MP + 50MP + 8MP,1 Year,1 Year,7000,6.78,8,256
15000,4.3,15,19999,24%,OPPO,Dimensity 6020 Processor,50MP,8MP,1 Year,1 Year,5000,6.56,6,128
39999,4.5,15,49999,20%,Google,Tensor G4 Processor,50MP,48MP + 12MP,1 Year,No Warranty,5100,6.285,8,256
54900,4.6,10,59900,8%,Apple,A16 Bionic Chip,50MP,12MP,1 Year,1 Year,5500,6.1,128,0
25999,4.6,16,32999,21%,realme,Dimensity 7400 Ultra Processor,50MP,50MP + 8MP,1 Year,1 Year,10001,6.8,8,128
11999,4.2,16,13499,11%,LAVA,Dimensity 6300 Processor,50MP,50MP,1 Year,1 Year,5000,6.7,6,128
7499,4.1,16,8999,16%,POCO,Helio G36 Processor,8MP,5MP,1 Year,1 Year,5000,6.71,4,64
491,3.4,16,999,50%,HOTLINE,Dimensity 6300 Processor,50MP,50MP,Up to 6 Months,No Warranty,1000,1.8,32,0
1579,3.6,16,2099,24%,Nokia,Dimensity 6300 Processor,0.08MP,0.08MP,Up to 6 Months,Up to 6 Months,1000,6.7,8,0
13945,4.4,16,16499,15%,Samsung,Dimensity 6300 Processor,50MP,50MP,1 Year,1 Year,5000,6.7,4,128
10999,4.3,16,11999,8%,Tecno,Dimensity 6400 5G Processor,50MP,5MP,1 Year,No Warranty,6000,6.74,4,128
33999,4.5,16,34999,2%,OnePlus,Dimensity 6300 Processor,50MP,50MP,1 Year,No Warranty,6800,6.83,8,256
998,4.0,16,2200,54%,Kechaoda,Dimensity 6300 Processor,50MP,0MP,1 Year,No Warranty,5500,1.44,32,0
37639,4.6,16,38999,3%,IQOO,Qualcomm Processor,50MP,50MP + 50MP + 8MP,1 Year,1 Year,7000,6.78,8,256
59999,4.4,16,74999,20%,MOTOROLA,Snapdragon 8 Gen 5 Processor,50MP,50MP + 50MP + 50MP,1 Year,1 Year,5200,6.8,12,256
33999,4.3,16,40999,17%,MOTOROLA,Dimensity 8350 Processor,50MP,50MP + 50MP + 10MP,1 Year,1 Year,6000,6.7,12,256
14494,4.2,16,19999,27%,REDMI,Dimensity 6300 Processor,108MP,108MP,No Warranty,No Warranty,5030,6.79,8,128
37499,4.6,16,38999,3%,IQOO,Qualcomm Processor,50MP,50MP + 50MP + 8MP,1 Year,1 Year,7000,6.78,8,256
48999,4.7,16,32999,21%,realme,Dimensity 6300 Processor,50MP,200MP + 50MP + 8MP,1 Year,1 Year,7000,6.8,12,256
19999,4.3,16,20999,4%,realme,Dimensity 7400 Ultra Processor,50MP,50MP + 2MP,1 Year,1 Year,7000,6.72,8,256
13999,4.3,16,16999,17%,POCO,Snapdragon 6s Gen 3 5G Processor,50MP,50MP,1 Year,1 Year,7000,6.9,6,128
22999,4.4,16,25999,11%,MOTOROLA,Dimensity 7400 Processor,50MP,32MP,1 Year,1 Year,5500,6.67,8,256
11999,4.3,16,15499,22%,POCO,Dimensity 6300 Processor,50MP,8MP,1 Year,1 Year,6000,6.9,6,128
24999,4.5,16,32999,21%,OPPO,Snapdragon 6 Gen 4 Processor,50MP,50MP + 2MP,1 Year,1 Year,7000,6.67,8,256
889,4.0,16,1499,40%,Kechaoda,Dimensity 6300 Processor,50MP,0MP,Up to 6 Months,No Warranty,5500,0.66,16,0
1199,4.2,16,1549,22%,LAVA,Dimensity 6300 Processor,0.2MP,0.2MP,1 Year,No Warranty,1750,1.77,8,0
9699,4.2,16,10999,11%,realme,T7250 Processor,13MP,5MP,1 Year,1 Year,6300,6.75,6,128
7499,4.3,17,8999,16%,Tecno,T7250 Processor,13MP,50MP,1 Year,No Warranty,5000,6.67,4,64
25999,4.6,17,32999,21%,realme,Dimensity 7400 Ultra Processor,50MP,50MP + 8MP,1 Year,1 Year,10001,6.8,8,128
1149,4.0,17,1549,25%,MOTOROLA,Dimensity 6300 Processor,50MP,0MP,More than 1 Year,No Warranty,5500,1.77,64,0
870,4.0,17,1099,20%,itel,Dimensity 6300 Processor,50MP,50MP,1 Year,No Warranty,1000,1.8,32,0
461,3.4,17,999,53%,HOTLINE,Dimensity 6300 Processor,50MP,0MP,Up to 6 Months,No Warranty,1100,1.8,16,0
45999,4.5,17,65999,30%,Samsung,Exynos 2400e Processor,50MP,50MP + 12MP + 8MP,1 Year,1 Year,4700,6.7,8,256
18604,4.2,17,19999,6%,realme,Dimensity 6300 Processor,50MP,50MP,1 Year,No Warranty,7000,6.57,8,128
1198,4.0,17,1549,22%,LAVA,Mtk Processor,50MP,0MP,1 Year,1 Year,1200,2.4,32,0
10999,4.3,17,11999,8%,Tecno,Dimensity 6400 5G Processor,50MP,5MP,1 Year,No Warranty,6000,6.74,4,128
79900,4.6,15,32999,21%,Apple,A18 Chip,50MP,12MP,1 Year,1 Year,5500,6.1,256,0
23999,4.4,17,33999,29%,POCO,Dimensity D8400 Ultra Processor,50MP,50MP + 8MP,1 Year,1 Year,6550,6.67,12,256
599,4.0,17,999,40%,Jmax,Dimensity 6300 Processor,0.3MP,0.3MP,1 Year,No Warranty,1000,1.8,8,0
19499,4.2,17,24499,20%,Samsung,Exynos 1380 Processor,50MP,13MP,1 Year,1 Year,5000,6.7,8,128
27695,4.5,17,31999,13%,IQOO,Dimensity 6300 Processor,50MP,50MP,1 Year,1 Year,6400,6.78,8,128
1889,3.9,17,2199,14%,Nokia,Dimensity 6300 Processor,50MP,0MP,No Warranty,No Warranty,1450,2.4,8,0
39999,4.5,17,59999,33%,Samsung,Exynos 2400e Processor,50MP,50MP + 12MP + 8MP,1 Year,1 Year,4700,6.7,8,128
16891,4.3,17,22999,26%,Samsung,Dimensity 6300 Processor,50MP,50MP,1 Year,No Warranty,5000,6.7,6,128
33999,4.5,17,34999,2%,OnePlus,Dimensity 6300 Processor,50MP,50MP,1 Year,No Warranty,6800,6.83,8,256
29968,4.4,17,45999,34%,Samsung,Exynos 1480 Processor,50MP,32MP,1 Year,1 Year,5000,6.6,8,256
35999,4.5,17,40999,12%,vivo,Dimensity 9300+ Processor,50MP,50MP + 8MP + 50MP,1 Year,1 Year,5500,6.67,8,256
37999,4.5,17,42999,11%,vivo,Dimensity 9300+ Processor,50MP,50MP + 8MP + 50MP,1 Year,1 Year,5500,6.67,12,256
17999,4.3,17,22999,21%,Samsung,Exynos 1380 Processor,50MP,13MP,1 Year,1 Year,5000,6.7,6,128
16891,4.3,18,22999,26%,Samsung,Dimensity 6300 Processor,50MP,50MP,1 Year,No Warranty,5000,6.7,6,128
17999,4.3,18,22999,21%,Samsung,Exynos 1380 Processor,50MP,13MP,1 Year,1 Year,5000,6.7,6,128
25999,4.6,18,32999,21%,realme,Dimensity 7400 Ultra Processor,50MP,50MP + 8MP,1 Year,1 Year,10001,6.8,8,128
1380,4.0,18,1890,26%,KARBONN,Dimensity 6300 Processor,1.3MP,50MP,1 Year,1 Year,1800,2.4,16,0
777,3.7,18,1299,40%,leysky,Mediatek Processor,50MP,50MP,Up to 6 Months,No Warranty,5500,0.66,16,0
29999,4.3,18,36999,18%,MOTOROLA,Dimensity 8350 Processor,50MP,50MP + 50MP + 10MP,1 Year,1 Year,6000,6.7,8,256
1249,4.1,18,1700,26%,Kechaoda,Dimensity 6300 Processor,0.3MP,50MP,Up to 6 Months,No Warranty,1700,2.4,16,0
799,3.7,18,1299,38%,leysky,Mediatek Processor,50MP,50MP,Up to 6 Months,No Warranty,5500,0.66,16,0
2295,4.0,18,2990,23%,KARBONN,Single Core Processor,50MP,0MP,1 Year,1 Year,2000,2.4,128,0
1297,4.1,18,1890,31%,KARBONN,Dimensity 6300 Processor,2MP,50MP,1 Year,No Warranty,1800,2.6,8,0
15364,4.4,18,17999,14%,Samsung,Dimensity 6300 Processor,50MP,50MP,1 Year,1 Year,5000,6.7,6,128
17749,4.4,18,21999,19%,Tecno,Dimensity 7300 Ultimate Processor,50MP,64MP + 8MP,1 Year,No Warranty,6000,6.78,8,128
1439,4.2,18,1890,23%,KARBONN,Dimensity 6300 Processor,50MP,0MP,1 Year,No Warranty,1800,2.4,32,0
1089,4.0,18,1590,31%,KARBONN,MAD Processor,50MP,0.5MP,1 Year,No Warranty,1000,2.0,32,0
31920,4.5,18,35999,11%,IQOO,Dimensity 6300 Processor,50MP,50MP,1 Year,1 Year,6400,6.78,12,256
32999,4.4,18,34999,5%,MOTOROLA,Dimensity 6300 Processor,50MP,50MP + 50MP,1 Year,1 Year,5000,6.7,8,256
69900,4.6,8,32999,21%,Apple,A18 Chip,50MP,12MP,1 Year,1 Year,5500,6.1,128,0
10197,3.9,18,19999,49%,Acer,Dimensity 6300 Processor,64MP,64MP,1 Year,No Warranty,5000,6.7,6,128
1097,3.4,18,1590,31%,KARBONN,MAD Processor,50MP,0MP,1 Year,No Warranty,1000,2.0,32,0
1140,4.0,18,1590,28%,KARBONN,MAD Processor,50MP,0.5MP,1 Year,No Warranty,1000,2.0,32,0
14999,4.3,18,17999,16%,POCO,Snapdragon 6s Gen 3 5G Processor,50MP,50MP,1 Year,1 Year,7000,6.9,8,128
79900,4.6,23,32999,21%,Apple,A18 Chip,50MP,12MP,1 Year,1 Year,5500,6.7,128,0
9999,4.3,18,11999,16%,vivo,T7225 Processor,50MP,5MP,1 Year,1 Year,5500,6.74,4,64
24368,4.4,18,27999,12%,IQOO,Dimensity 6300 Processor,50MP,50MP,1 Year,No Warranty,7300,6.77,8,256
15486,4.4,19,17999,13%,Samsung,Dimensity 6300 Processor,50MP,50MP,1 Year,1 Year,5000,6.7,6,128
27999,4.4,19,36999,24%,Motorola,Dimensity 6300 Processor,50MP,50MP + 13MP + 10MP,1 Year,1 Year,4500,6.7,8,256
13945,4.4,19,16499,15%,Samsung,Dimensity 6300 Processor,50MP,50MP,1 Year,1 Year,5000,6.7,4,128
899,4.0,19,1499,40%,Kechaoda,Dimensity 6300 Processor,50MP,0MP,Up to 6 Months,No Warranty,5500,0.66,16,0
25999,4.6,19,32999,21%,realme,Dimensity 7400 Ultra Processor,50MP,50MP + 8MP,1 Year,1 Year,10001,6.8,8,128
9999,4.3,19,11999,16%,vivo,T7225 Processor,50MP,5MP,1 Year,1 Year,5500,6.74,4,64
39999,4.5,19,44999,11%,vivo,Dimensity 9300+ Processor,50MP,50MP + 8MP + 50MP,1 Year,1 Year,5500,6.67,12,512
35999,4.5,19,40999,12%,vivo,Dimensity 9300+ Processor,50MP,50MP + 8MP + 50MP,1 Year,1 Year,5500,6.67,8,256
37999,4.5,19,42999,11%,vivo,Dimensity 9300+ Processor,50MP,50MP + 8MP + 50MP,1 Year,1 Year,5500,6.67,12,256
22999,4.3,19,32999,21%,realme,MediaTek Dimensity 6400 MAX Processor,50MP,50MP + 2MP,1 Year,1 Year,7000,6.57,8,128
1009,3.8,19,1499,32%,hmd,SC6531E Processor,50MP,50MP,1 Year,No Warranty,1000,2.0,32,0
57788,4.6,19,62999,8%,OnePlus,Dimensity 6300 Processor,50MP,50MP,1 Year,No Warranty,5850,6.32,12,512
19999,4.3,19,27999,28%,POCO,Dimensity 7300 Ultra Processor,50MP,50MP + 8MP + 2MP,1 Year,1 Year,5500,6.67,8,256
21650,4.4,19,25999,16%,IQOO,Dimensity 6300 Processor,50MP,50MP,1 Year,1 Year,7300,6.7,8,128
11974,4.1,19,13999,14%,Samsung,Dimensity 6300 Processor,50MP,50MP,1 Year,1 Year,5000,6.7,6,128
726,3.0,19,1699,57%,Samsung,Dimensity 6300 Processor,50MP,50MP,1 Year,No Warranty,5500,1.8,8,0
726,3.0,19,1299,44%,Samsung,Dimensity 6300 Processor,50MP,50MP,1 Year,No Warranty,5500,1.8,8,0
39999,4.5,19,32999,21%,realme,Dimensity 7300 Max Processor,50MP,200MP + 8MP,1 Year,1 Year,7000,6.78,12,256
899,3.8,19,1699,47%,I,Dimensity 6300 Processor,0.3MP,50MP,1 Year,1 Year,2500,2.4,8,0
999,4.1,19,1499,33%,Kechaoda,Dimensity 6300 Processor,50MP,0MP,Up to 6 Months,No Warranty,5500,1.44,32,0
25999,4.4,19,31999,18%,Infinix,Dimensity 8350 Ultimate Processor,50MP,108MP + 8MP,1 Year,1 Year,5500,6.78,8,256
49999,4.6,19,57999,13%,OnePlus,Dimensity 6300 Processor,50MP,50MP,1 Year,No Warranty,5850,6.32,12,256
1198,4.0,19,1549,22%,LAVA,Mtk Processor,50MP,0MP,1 Year,1 Year,1200,2.4,32,0
25999,4.6,20,32999,21%,realme,Dimensity 7400 Ultra Processor,50MP,50MP + 8MP,1 Year,1 Year,10001,6.8,8,128
39999,4.5,20,44999,11%,OnePlus,Dimensity 6300 Processor,50MP,50MP,1 Year,1 Year,6000,6.78,12,256
27999,4.4,20,36999,24%,Motorola,Dimensity 6300 Processor,50MP,50MP + 13MP + 10MP,1 Year,1 Year,4500,6.7,8,256
74999,4.5,20,79999,6%,Google,Tensor G5 Processor,50MP,48MP + 13MP + 10.8MP,1 Year,No Warranty,4970,6.3,12,256
20999,4.4,20,24999,16%,MOTOROLA,Dimensity 7400 Processor,50MP,32MP,1 Year,1 Year,5500,6.67,8,128
8280,4.0,20,8399,1%,LAVA,Dimensity 6300 Processor,50MP,50MP,1 Year,1 Year,5000,6.6,4,128
30499,4.5,20,33999,10%,IQOO,Dimensity 6300 Processor,50MP,50MP,1 Year,1 Year,6400,6.78,8,256
21598,4.4,20,25999,16%,IQOO,Dimensity 6300 Processor,50MP,50MP,1 Year,1 Year,7300,6.7,8,128
1215,4.1,20,1599,24%,Kechaoda,Dimensity 6300 Processor,0.3MP,50MP,1 Year,No Warranty,1700,2.4,16,0
24368,4.4,20,27999,12%,IQOO,Dimensity 6300 Processor,50MP,50MP,1 Year,No Warranty,7300,6.77,8,256
15632,4.3,20,16999,8%,REDMI,Dimensity 6300 Processor,50MP,50MP,1 Year,1 Year,7000,6.9,6,128
33999,4.4,20,35999,5%,POCO,Dimensity 6300 Processor,50MP,50MP,1 Year,1 Year,7550,6.83,12,256
16299,4.3,20,17999,9%,REDMI,Dimensity 6300 Processor,50MP,50MP,1 Year,1 Year,7000,6.9,8,128
15374,4.3,20,16999,9%,REDMI,Dimensity 6300 Processor,50MP,50MP,1 Year,1 Year,7000,6.9,6,128
1199,4.2,20,1549,22%,LAVA,Dimensity 6300 Processor,0.2MP,0.2MP,1 Year,No Warranty,1750,1.77,8,0
8199,4.3,20,10999,25%,realme,T612 Processor,32MP,5MP,1 Year,1 Year,5000,6.745,6,128
13832,4.4,20,16499,16%,Samsung,Dimensity 6300 Processor,50MP,50MP,1 Year,1 Year,5000,6.7,4,128
469,3.5,20,999,53%,HOTLINE,Dimensity 6300 Processor,0.3MP,0.3MP,No Warranty,No Warranty,1000,1.8,8,0
17749,4.4,20,21999,19%,Tecno,Dimensity 7300 Ultimate Processor,50MP,64MP + 8MP,1 Year,No Warranty,6000,6.78,8,128
52989,4.6,20,57999,8%,OnePlus,Dimensity 6300 Processor,50MP,50MP,1 Year,No Warranty,5850,6.32,12,256
18749,4.4,20,23999,21%,Tecno,Dimensity 7300 Ultimate Processor,50MP,64MP + 8MP,1 Year,No Warranty,6000,6.78,8,256
10598,4.1,20,11700,9%,Samsung,Dimensity 6300 Processor,50MP,50MP,1 Year,1 Year,5000,6.7,4,128
23058,4.4,20,24999,7%,OnePlus,Dimensity 6300 Processor,50MP,50MP,1 Year,1 Year,5500,6.7,8,128
11799,4.3,20,13999,15%,POCO,Dimensity 6300 Processor,50MP,8MP,1 Year,1 Year,5160,6.88,8,128
25999,4.6,21,32999,21%,realme,Dimensity 7400 Ultra Processor,50MP,50MP + 8MP,1 Year,1 Year,10001,6.8,8,128
717,3.0,21,1299,44%,Samsung,Dimensity 6300 Processor,50MP,50MP,No Warranty,No Warranty,5500,1.52,8,0
33999,4.4,21,35999,5%,POCO,Dimensity 6300 Processor,50MP,50MP,1 Year,1 Year,7550,6.83,12,256
23058,4.4,21,24999,7%,OnePlus,Dimensity 6300 Processor,50MP,50MP,1 Year,1 Year,5500,6.7,8,128
15784,4.2,21,19999,21%,Samsung,Dimensity 6300 Processor,50MP,50MP + 5MP + 2MP,1 Year,1 Year,5000,6.7,6,128
15339,4.3,21,16999,9%,REDMI,Dimensity 6300 Processor,50MP,50MP,1 Year,1 Year,6000,6.9,8,128
10598,4.1,21,11700,9%,Samsung,Dimensity 6300 Processor,50MP,50MP,1 Year,1 Year,5000,6.7,4,128
7299,4.2,21,9999,27%,MOTOROLA,Helio G81 Processor,50MP,8MP,1 Year,1 Year,5100,6.67,4,64
19999,4.4,21,20999,4%,realme,Mediatek Dimensity 7400 Processor,50MP,50MP + 8MP,1 Year,1 Year,7000,6.77,6,128
21999,4.4,21,32999,21%,realme,Mediatek Dimensity 7400 Processor,50MP,50MP + 8MP,1 Year,1 Year,7000,6.77,8,128
998,4.0,21,2200,54%,Kechaoda,Dimensity 6300 Processor,50MP,0MP,1 Year,No Warranty,5500,1.44,32,0
39999,4.5,21,32999,21%,realme,Dimensity 7300 Max Processor,50MP,200MP + 8MP,1 Year,1 Year,7000,6.78,12,256
18499,4.4,21,21499,13%,vivo,Dimensity 6300 Processor,50MP,50MP + 0.08MP,1 Year,No Warranty,6500,6.68,6,128
899,3.8,21,1699,47%,I,Dimensity 6300 Processor,0.3MP,50MP,1 Year,1 Year,2500,2.4,8,0
1208,4.1,21,1599,24%,LAVA,Dimensity 6300 Processor,50MP,0MP,1 Year,1 Year,1200,2.4,32,0
31980,4.5,21,33999,5%,IQOO,Dimensity 6300 Processor,50MP,50MP,1 Year,1 Year,6400,6.78,8,256
25999,4.4,21,31999,18%,Infinix,Dimensity 8350 Ultimate Processor,50MP,108MP + 8MP,1 Year,1 Year,5500,6.78,8,256
12399,4.3,21,13999,11%,REDMI,Dimensity 6300 Processor,50MP,8MP,1 Year,1 Year,5160,6.88,6,128
24999,4.4,21,27999,10%,MOTOROLA,Dimensity 7400 Processor,50MP,32MP,1 Year,1 Year,5500,6.67,12,256
52989,4.6,21,57999,8%,OnePlus,Dimensity 6300 Processor,50MP,50MP,1 Year,No Warranty,5850,6.32,12,256
42999,4.6,21,74999,42%,Samsung,Dimensity 6300 Processor,50MP,50MP + 12MP,1 Year,1 Year,4000,6.2,8,128
20999,4.6,21,24999,16%,POCO,Dimensity 6300 Processor,50MP,20MP,1 Year,1 Year,5520,6.77,8,256
999,4.1,21,1499,33%,Kechaoda,Dimensity 6300 Processor,50MP,0MP,Up to 6 Months,No Warranty,5500,1.44,32,0
16899,4.5,21,18999,11%,realme,Dimensity 6300 Processor,50MP,50MP,1 Year,No Warranty,7000,6.57,6,128
1269,4.2,22,1649,23%,LAVA,Mtk Processor,50MP,0MP,1 Year,No Warranty,1750,1.8,32,0
9529,4.2,22,11499,17%,LAVA,Dimensity 6300 Processor,50MP,50MP,1 Year,1 Year,5000,6.7,4,128
25999,4.6,22,32999,21%,realme,Dimensity 7400 Ultra Processor,50MP,50MP + 8MP,1 Year,1 Year,10001,6.8,8,128
7499,4.3,22,8999,16%,Tecno,T7250 Processor,13MP,50MP,1 Year,No Warranty,5000,6.67,4,64
11799,4.2,22,13999,15%,REDMI,Dimensity 6300 Processor,50MP,8MP,1 Year,1 Year,5160,6.88,4,128
9999,4.1,22,11999,16%,Tecno,Dimensity 6300 5G Processor,48MP,8MP,1 Year,No Warranty,5000,6.67,4,64
999,4.1,22,1499,33%,Kechaoda,Dimensity 6300 Processor,50MP,0MP,Up to 6 Months,No Warranty,5500,1.44,32,0
899,4.0,22,1499,40%,Kechaoda,Dimensity 6300 Processor,50MP,0MP,Up to 6 Months,No Warranty,5500,0.66,16,0
36999,4.5,22,32999,21%,realme,Dimensity 7300 Max Processor,50MP,200MP + 8MP,1 Year,1 Year,7000,6.78,8,256
34999,4.5,22,32999,21%,realme,Dimensity 7300 Max Processor,50MP,200MP + 8MP,1 Year,1 Year,7000,6.78,8,128
870,4.0,22,1099,20%,itel,Dimensity 6300 Processor,50MP,50MP,1 Year,No Warranty,1000,1.8,32,0
16999,4.4,22,19999,15%,vivo,Dimensity 6300 Processor,50MP,50MP + 0.08MP,1 Year,No Warranty,6500,6.68,4,128
40826,4.5,22,40999,21%,IQOO,Qualcomm Processor,50MP,50MP + 50MP + 8MP,1 Year,1 Year,7000,6.78,12,256
998,3.0,22,1999,50%,Samsung,Dimensity 6300 Processor,0.3MP,50MP,1 Year,No Warranty,1000,2.0,16,16
987,4.1,22,1499,34%,itel,Unisoc Processor,50MP,50MP,1 Year,No Warranty,1000,1.8,32,0
34999,4.4,22,37999,7%,realme,Dimensity 6300 Processor,50MP,50MP + 50MP + 8MP,1 Year,1 Year,6000,6.83,12,256
12199,4.3,22,14999,18%,REDMI,Dimensity 6300 Processor,50MP,8MP,1 Year,1 Year,5160,6.88,6,128
14995,4.2,22,17499,14%,Samsung,Dimensity 6300 Processor,50MP,50MP,1 Year,1 Year,5000,6.7,6,128
69999,4.5,22,84999,17%,MOTOROLA,Snapdragon 8 Gen 5 Processor,50MP,50MP + 50MP + 50MP,1 Year,1 Year,5200,6.8,16,0
20999,4.4,22,24999,16%,MOTOROLA,Dimensity 7400 Processor,50MP,32MP,1 Year,1 Year,5500,6.67,8,128
19999,4.3,22,20999,4%,realme,Dimensity 7400 Ultra Processor,50MP,50MP + 2MP,1 Year,1 Year,7000,6.72,8,256
37923,4.5,22,37999,21%,OnePlus,Dimensity 6300 Processor,50MP,50MP,1 Year,No Warranty,6800,6.83,12,256
20999,4.3,22,24999,16%,Tecno,Dimensity 6400 5G Processor,50MP,50MP + 2MP,1 Year,No Warranty,5160,6.78,8,128
38970,4.5,22,40999,4%,OnePlus,Dimensity 6300 Processor,50MP,50MP,1 Year,No Warranty,6800,6.83,12,512
10890,4.1,23,13999,22%,Samsung,mediatek Processor,50MP,50MP,1 Year,1 Year,5000,6.7,4,64
1259,4.2,23,1649,23%,LAVA,Mtk Processor,50MP,0MP,1 Year,No Warranty,1750,1.8,32,0
25999,4.6,23,32999,21%,realme,Dimensity 7400 Ultra Processor,50MP,50MP + 8MP,1 Year,1 Year,10001,6.8,8,128
987,4.1,23,1499,34%,itel,Unisoc Processor,50MP,50MP,1 Year,No Warranty,1000,1.8,32,0
899,4.0,23,1499,40%,Kechaoda,Dimensity 6300 Processor,50MP,0MP,Up to 6 Months,No Warranty,5500,0.66,16,0
12999,4.2,23,14999,13%,Tecno,Dimensity 6300 5G Processor,48MP,8MP,1 Year,No Warranty,5000,6.67,8,128
22999,4.0,23,31999,28%,Samsung,Dimensity 6300 Processor,50MP,50MP,1 Year,1 Year,5000,6.7,8,256
89900,4.6,15,32999,21%,Apple,A18 Chip,50MP,12MP,1 Year,1 Year,5500,6.7,256,0
20999,4.3,23,24999,16%,Tecno,Dimensity 6400 5G Processor,50MP,50MP + 2MP,1 Year,No Warranty,5160,6.78,8,128
9999,3.9,23,12999,23%,Ai,T8200 Processor,50MP,5MP,1 Year,1 Year,5000,6.745,8,128
79900,4.6,27,32999,21%,Apple,A18 Chip,50MP,12MP,1 Year,1 Year,5500,6.7,128,0
1059,3.7,23,1499,29%,MOTOROLA,Mtk Processor,50MP,0MP,More than 1 Year,No Warranty,5500,1.44,8,0
999,4.1,23,1499,33%,Kechaoda,Dimensity 6300 Processor,50MP,0MP,Up to 6 Months,No Warranty,5500,1.44,32,0
14995,4.2,23,17499,14%,Samsung,Dimensity 6300 Processor,50MP,50MP,1 Year,1 Year,5000,6.7,6,128
10499,4.2,23,13999,25%,REDMI,Dimensity 6300 Processor,50MP,8MP,1 Year,1 Year,5160,6.88,4,128
4864,4.1,23,5899,17%,Nokia,Dimensity 6300 Processor,0.3MP,0.3MP,Up to 6 Months,Up to 6 Months,1450,2.8,46875,125
1208,4.1,23,1599,24%,LAVA,Dimensity 6300 Processor,50MP,0MP,1 Year,1 Year,1200,2.4,32,0
19999,4.3,23,32999,21%,OPPO,Dimensity 6020 Processor,50MP,8MP,1 Year,1 Year,5000,6.56,6,128
997,4.1,23,1499,33%,Kechaoda,Dimensity 6300 Processor,50MP,0MP,Up to 6 Months,No Warranty,5500,1.44,32,0
22999,4.3,23,32999,21%,realme,MediaTek Dimensity 6400 MAX Processor,50MP,50MP + 2MP,1 Year,1 Year,7000,6.57,8,128
9999,4.1,23,11999,16%,Tecno,Dimensity 6300 5G Processor,48MP,8MP,1 Year,No Warranty,5000,6.67,4,64
14744,4.3,23,16999,13%,realme,Dimensity 6300 Processor,50MP,8MP,1 Year,1 Year,6000,6.67,6,128
14999,4.3,24,16999,11%,Infinix,Dimensity 7300 Ultimate Processor,50MP,50MP,1 Year,1 Year,5500,6.67,8,128
19999,4.3,24,32999,21%,OPPO,Dimensity 6020 Processor,50MP,8MP,1 Year,1 Year,5000,6.56,6,128
9999,4.1,24,11999,16%,Tecno,Dimensity 6300 5G Processor,48MP,8MP,1 Year,No Warranty,5000,6.67,4,64
997,4.1,24,1499,33%,Kechaoda,Dimensity 6300 Processor,50MP,0MP,Up to 6 Months,No Warranty,5500,1.44,32,0
25999,4.6,24,32999,21%,realme,Dimensity 7400 Ultra Processor,50MP,50MP + 8MP,1 Year,1 Year,10001,6.8,8,128
22999,4.3,24,32999,21%,realme,MediaTek Dimensity 6400 MAX Processor,50MP,50MP + 2MP,1 Year,1 Year,7000,6.57,8,128
17999,4.3,24,22999,21%,Samsung,Exynos 1380 Processor,50MP,13MP,1 Year,1 Year,5000,6.7,6,128
15339,4.3,24,16999,9%,REDMI,Dimensity 6300 Processor,50MP,50MP,1 Year,1 Year,6000,6.9,8,128
14240,4.2,24,17499,18%,Samsung,Dimensity 6300 Processor,50MP,50MP,1 Year,1 Year,5000,6.7,6,128
17970,4.3,24,19999,10%,REDMI,Dimensity 6300 Processor,50MP,50MP,1 Year,1 Year,7000,6.9,8,256
10499,4.1,24,12999,19%,Tecno,Dimensity 6300 5G Processor,48MP,8MP,1 Year,No Warranty,5000,6.67,4,128
999,4.1,24,1499,33%,Kechaoda,Dimensity 6300 Processor,50MP,0MP,Up to 6 Months,No Warranty,5500,1.44,32,0
879,4.0,24,1499,41%,Kechaoda,Dimensity 6300 Processor,50MP,50MP,Up to 6 Months,No Warranty,5500,0.66,16,0
859,4.1,24,1249,31%,itel,Dimensity 6300 Processor,50MP,50MP,1 Year,No Warranty,1000,1.8,8,0
1269,4.2,24,1649,23%,LAVA,Mtk Processor,50MP,0MP,1 Year,No Warranty,1750,1.8,32,0
1424,3.8,24,3299,56%,Fuziqra,Dimensity 6300 Processor,0.3MP,0.3MP,Up to 6 Months,No Warranty,2000,1.8,8,0
9999,3.9,24,12999,23%,Ai,T8200 Processor,50MP,5MP,1 Year,1 Year,5000,6.745,8,128
12999,4.2,24,14999,13%,Tecno,Dimensity 6300 5G Processor,48MP,8MP,1 Year,No Warranty,5000,6.67,8,128
89900,4.6,33,32999,21%,Apple,A18 Chip,50MP,12MP,1 Year,1 Year,5500,6.7,256,0
945,3.9,24,1090,13%,KARBONN,Dimensity 6300 Processor,50MP,0.03MP,1 Year,No Warranty,1000,1.8,16,0
24999,4.1,24,28999,13%,OPPO,Dimensity 6300 Processor,50MP,50MP + 2MP,1 Year,1 Year,7000,6.75,8,256
899,4.1,24,1249,28%,itel,Unisoc Processor,50MP,50MP,1 Year,No Warranty,1000,1.8,32,0
25999,4.6,25,32999,21%,realme,Dimensity 7400 Ultra Processor,50MP,50MP + 8MP,1 Year,1 Year,10001,6.8,8,128
4864,4.1,25,5899,17%,Nokia,Dimensity 6300 Processor,0.3MP,0.3MP,Up to 6 Months,Up to 6 Months,1450,2.8,46875,125
17999,4.3,25,21999,18%,OPPO,Dimensity 6300 Processor,50MP,50MP + 2MP,1 Year,1 Year,5000,6.56,8,128
987,3.9,25,1699,41%,LAVA,Dimensity 6300 Processor,0.3MP,50MP,1 Year,1 Year,1000,2.4,32,0
89900,4.6,37,32999,21%,Apple,A18 Chip,50MP,12MP,1 Year,1 Year,5500,6.7,256,0
13499,4.3,25,14999,10%,Infinix,Dimensity 7300 Ultimate Processor,50MP,50MP,1 Year,1 Year,5500,6.67,6,128
14999,4.3,25,16999,11%,Infinix,Dimensity 7300 Ultimate Processor,50MP,50MP,1 Year,1 Year,5500,6.67,8,128
10416,3.7,25,18999,45%,hmd,Unisoc T760 5G octa core 6 nm processor,50MP,50MP,1 Year,No Warranty,5000,6.67,6,128
9999,4.3,25,11999,16%,vivo,T7225 Processor,50MP,5MP,1 Year,1 Year,5500,6.74,4,64
460,3.5,25,999,53%,G,Dimensity 6300 Processor,50MP,0.3MP + 0.3MP,Up to 6 Months,No Warranty,1000,1.8,8,0
14999,4.3,25,17999,16%,REDMI,Dimensity 6300 Processor,108MP,108MP,1 Year,No Warranty,5030,6.79,6,128
7799,3.9,25,8999,13%,POCO,Dimensity 6300 Processor,32MP,8MP,1 Year,1 Year,5200,6.88,4,64
20999,4.3,25,26999,22%,POCO,Dimensity 6300 Processor,50MP,64MP + 8MP + 2MP,1 Year,1 Year,5100,6.67,12,256
6899,4.3,25,8599,19%,Tecno,Unisoc T61 Processor,13MP,8MP,1 Year,No Warranty,5000,6.67,3,64
32795,4.5,25,35999,8%,IQOO,Dimensity 6300 Processor,50MP,50MP,1 Year,1 Year,6400,6.78,12,256
32999,4.3,25,48999,32%,Samsung,Exynos 1480 Processor,50MP,32MP,1 Year,1 Year,5000,6.6,12,256
12999,4.2,25,14999,13%,Tecno,Dimensity 6300 5G Processor,48MP,8MP,1 Year,No Warranty,5000,6.67,8,128
499,3.5,25,999,50%,HOTLINE,Dimensity 6300 Processor,0.3MP,0.3MP,Up to 6 Months,No Warranty,1000,1.8,8,0
10391,4.1,25,13999,25%,Samsung,Dimensity 6300 Processor,50MP,50MP + 2MP,1 Year,1 Year,5000,6.7,4,64
15499,3.9,25,18999,18%,LAVA,Dimensity 6300 Processor,64MP,64MP,1 Year,1 Year,5000,6.67,6,128
39099,4.5,25,40999,4%,IQOO,Qualcomm Processor,50MP,50MP + 50MP + 8MP,1 Year,1 Year,7000,6.78,12,256
469,3.5,25,999,53%,HOTLINE,Dimensity 6300 Processor,0.3MP,0.3MP,Up to 6 Months,No Warranty,5500,1.8,8,0
16999,4.3,25,17999,5%,Samsung,Exynos 1330 Processor,50MP,13MP,1 Year,1 Year,5000,6.7,6,128
25999,4.6,26,32999,21%,realme,Dimensity 7400 Ultra Processor,50MP,50MP + 8MP,1 Year,1 Year,10001,6.8,8,128
35999,4.4,26,37999,5%,POCO,Dimensity 6300 Processor,50MP,50MP,1 Year,1 Year,7550,6.83,12,512
899,4.1,26,1249,28%,itel,Dimensity 6300 Processor,50MP,50MP,1 Year,No Warranty,1000,1.8,8,0
12999,4.4,26,13999,7%,realme,Dimensity 6300 Processor,32MP,8MP,1 Year,1 Year,6000,6.67,6,128
7799,3.9,26,8999,13%,POCO,Dimensity 6300 Processor,32MP,8MP,1 Year,1 Year,5200,6.88,4,64
11999,4.4,26,12999,7%,realme,Dimensity 6300 Processor,32MP,8MP,1 Year,1 Year,6000,6.67,4,128
980,4.8,26,1290,24%,KARBONN,Dimensity 6300 Processor,50MP,0.03MP,1 Year,1 Year,1000,1.8,16,0
32795,4.5,26,35999,8%,IQOO,Dimensity 6300 Processor,50MP,50MP,1 Year,1 Year,6400,6.78,12,256
16099,4.2,26,19999,19%,Samsung,Dimensity 6300 Processor,50MP,50MP + 5MP + 2MP,1 Year,1 Year,5000,6.7,6,128
7499,4.1,26,9999,25%,Ai,T615 Processor,50MP,5MP,1 Year,1 Year,5000,6.745,6,128
13499,4.3,26,14999,10%,Infinix,Dimensity 7300 Ultimate Processor,50MP,50MP,1 Year,1 Year,5500,6.67,6,128
740,3.1,26,1299,43%,Samsung,Dimensity 6300 Processor,50MP,50MP,No Warranty,No Warranty,5500,1.5,8,0
45545,4.7,26,45999,21%,IQOO,Qualcomm Processor,50MP,50MP + 50MP + 8MP,1 Year,1 Year,7000,6.78,16,512
24999,4.3,26,32999,21%,realme,MediaTek Dimensity 6400 MAX Processor,50MP,50MP + 2MP,1 Year,1 Year,7000,6.57,8,256
21999,4.3,26,31999,31%,POCO,Dimensity D8400 Ultra Processor,50MP,50MP + 8MP,1 Year,1 Year,6550,6.67,8,256
27899,4.5,26,31999,12%,IQOO,Dimensity 6300 Processor,50MP,50MP,1 Year,1 Year,6400,6.78,8,128
11999,4.3,26,14999,20%,REDMI,Dimensity 6300 Processor,50MP,8MP,1 Year,1 Year,5160,6.88,6,128
14970,4.2,26,17999,16%,REDMI,Dimensity 6300 Processor,13MP,13MP,1 Year,1 Year,5030,6.79,8,128
7999,4.1,26,8999,11%,REDMI,T7250 Processor,32MP,8MP,1 Year,1 Year,5200,6.88,3,64
24999,4.4,26,33999,26%,realme,Dimensity 6300 Processor,50MP,50MP + 50MP + 8MP,1 Year,1 Year,6000,6.83,8,128
15499,4.3,26,20999,26%,POCO,Dimensity 7025 Ultra Processor,50MP,50MP + 2MP,1 Year,1 Year,5110,6.67,8,256
1249,4.0,27,1499,16%,Kechaoda,Dimensity 6300 Processor,0.3MP,50MP,Up to 6 Months,No Warranty,1700,2.4,16,0
7999,4.1,27,8999,11%,REDMI,T7250 Processor,32MP,8MP,1 Year,1 Year,5200,6.88,3,64
25999,4.6,27,32999,21%,realme,Dimensity 7400 Ultra Processor,50MP,50MP + 8MP,1 Year,1 Year,10001,6.8,8,128
79900,4.6,36,32999,21%,Apple,A18 Chip,50MP,12MP,1 Year,1 Year,5500,6.7,128,0
19999,4.3,27,27999,28%,POCO,Dimensity 7300 Ultra Processor,50MP,50MP + 8MP + 2MP,1 Year,1 Year,5500,6.67,8,256
21999,4.4,27,36999,40%,Samsung,Exynos 1380 Processor,50MP,13MP,1 Year,1 Year,5000,6.6,8,256
9029,4.2,27,10990,17%,LAVA,Dimensity 6300 Processor,50MP,50MP,1 Year,1 Year,5000,6.6,4,64
27998,4.4,27,42999,34%,Samsung,Exynos 1480 Processor,50MP,32MP,1 Year,1 Year,5000,6.6,8,128
18603,4.2,27,19999,6%,realme,Dimensity 6300 Processor,50MP,50MP,1 Year,No Warranty,7000,6.57,8,128
999,4.4,27,1499,33%,Kechaoda,Dimensity 6300 Processor,50MP,0MP,No Warranty,No Warranty,5500,1.44,32,0
865,4.0,27,1099,21%,itel,Dimensity 6300 Processor,50MP,50MP,1 Year,No Warranty,1000,1.8,32,0
15999,4.4,27,17999,11%,realme,Dimensity 6300 Processor,50MP,8MP,1 Year,1 Year,6000,6.67,8,128
30997,4.4,27,45999,32%,Samsung,Exynos 1480 Processor,50MP,32MP,1 Year,1 Year,5000,6.6,8,256
999,4.0,27,2200,54%,Kechaoda,Dimensity 6300 Processor,50MP,0MP,Up to 6 Months,No Warranty,5500,1.44,32,0
15664,4.2,27,19999,21%,Samsung,Dimensity 6300 Processor,50MP,50MP + 5MP + 2MP,1 Year,1 Year,5000,6.7,6,128
8220,4.4,27,10499,21%,Samsung,Helio G99 Processor,50MP,50MP,1 Year,1 Year,5000,6.7,4,64
37999,4.4,27,39999,5%,realme,Dimensity 6300 Processor,50MP,50MP + 50MP + 8MP,1 Year,1 Year,6000,6.83,12,512
17999,4.3,27,20999,14%,OPPO,Dimensity 6300 Processor,50MP,50MP + 2MP,1 Year,1 Year,6000,6.67,8,128
18749,4.4,27,23999,21%,Tecno,Dimensity 7300 Ultimate Processor,50MP,64MP + 8MP,1 Year,No Warranty,6000,6.78,8,256
13999,4.2,27,17499,20%,Samsung,Dimensity 6300 Processor,50MP,50MP + 5MP + 2MP,1 Year,1 Year,5000,6.657,6,128
72979,4.8,27,76999,5%,OnePlus,Dimensity 6300 Processor,50MP,50MP,1 Year,No Warranty,7300,6.78,12,256
9999,3.9,27,12999,23%,Ai,T8200 Processor,50MP,5MP,1 Year,1 Year,5000,6.745,8,128
30790,4.4,27,35999,14%,realme,Dimensity 6300 Processor,50MP,50MP + 50MP + 8MP,1 Year,1 Year,6000,6.83,8,256
24780,4.4,27,33999,27%,realme,Dimensity 6300 Processor,50MP,50MP + 50MP + 8MP,1 Year,1 Year,6000,6.83,8,128
15999,4.4,28,20999,23%,Motorola,Dimensity 6300 Processor,50MP,50MP + 8MP,1 Year,1 Year,5000,6.67,8,128
21999,4.4,28,25499,13%,vivo,Dimensity 7300 Processor,50MP,50MP + 2MP,1 Year,No Warranty,6500,6.72,8,256
25999,4.6,28,32999,21%,realme,Dimensity 7400 Ultra Processor,50MP,50MP + 8MP,1 Year,1 Year,10001,6.8,8,128
16999,4.3,28,17999,5%,Samsung,Exynos 1330 Processor,50MP,13MP,1 Year,1 Year,5000,6.7,6,128
72280,4.8,28,76999,6%,OnePlus,Dimensity 6300 Processor,50MP,50MP,1 Year,No Warranty,7300,6.78,12,256
32999,4.3,28,48999,32%,Samsung,Exynos 1480 Processor,50MP,32MP,1 Year,1 Year,5000,6.6,12,256
12999,4.1,28,15999,18%,POCO,Snapdragon 6s Gen 3 5G Processor,50MP,50MP,1 Year,1 Year,7000,6.9,4,128
56999,4.3,28,59999,5%,Google,Tensor G3 Processor,50MP,64MP + 13MP,1 Year,No Warranty,4404,6.1,8,256
1816,4.0,28,2899,37%,Snexan,Dimensity 6300 Processor,0.3MP,0.3MP,Up to 6 Months,No Warranty,3000,2.4,8,0
14999,4.2,28,32999,21%,Motorola,Snapdragon 695 5G Processor,50MP,50MP + 2MP,1 Year,1 Year,5000,6.5,8,128
12298,4.3,28,14999,18%,REDMI,Dimensity 6300 Processor,50MP,8MP,1 Year,1 Year,5160,6.88,6,128
1498,4.1,28,1899,21%,itel,Dimensity 6300 Processor,0.8MP,50MP,1 Year,No Warranty,2500,2.4,32,0
499,3.5,28,999,50%,HOTLINE,Dimensity 6300 Processor,0.3MP,0.3MP,Up to 6 Months,No Warranty,1000,1.8,8,0
13101,4.3,28,17999,27%,OPPO,Dimensity 6020 Processor,50MP,8MP,1 Year,1 Year,5000,6.56,4,128
41999,4.5,28,46999,10%,realme,Dimensity 8400-MAX Processor,50MP,50MP + 8MP,No Warranty,No Warranty,7000,6.8,12,512
16199,4.3,28,17999,10%,REDMI,Dimensity 6300 Processor,50MP,50MP,1 Year,1 Year,7000,6.9,8,128
14988,4.3,28,16999,11%,realme,Dimensity 6300 Processor,50MP,8MP,1 Year,1 Year,6000,6.67,6,128
4274,3.7,28,4999,14%,hmd,Dimensity 6300 Processor,2MP,2MP,1 Year,No Warranty,1950,3.2,8,0
13174,4.2,28,17999,26%,POCO,Snapdragon 4 Gen2 AE Processor,50MP,13MP,1 Year,1 Year,5030,6.79,8,128
908,4.1,28,1399,35%,Kechaoda,Dimensity 6300 Processor,50MP,0MP,Up to 6 Months,No Warranty,5500,1.44,32,0
6499,4.2,28,9999,35%,Samsung,Helio G85 Processor,50MP,8MP,1 Year,1 Year,5000,6.74,4,64
19499,4.2,28,24499,20%,Samsung,Exynos 1380 Processor,50MP,13MP,1 Year,1 Year,5000,6.7,8,128
480,3.3,28,999,51%,G,UNISOC Processor,50MP,0.3MP + 1MP,Up to 6 Months,No Warranty,1150,1.8,8,0
64999,4.7,29,69999,7%,OPPO,Dimensity 8450 Processor,50MP,200MP + 50MP + 50MP,1 Year,1 Year,6200,6.32,12,512
879,3.9,29,1499,41%,Jmax,Dimensity 6300 Processor,0.3MP,0.3MP,1 Year,No Warranty,5500,0.66,8,0
59999,4.7,29,64999,7%,OPPO,Dimensity 8450 Processor,50MP,200MP + 50MP + 50MP,1 Year,1 Year,6200,6.32,12,256
25999,4.6,29,32999,21%,realme,Dimensity 7400 Ultra Processor,50MP,50MP + 8MP,1 Year,1 Year,10001,6.8,8,128
13499,4.1,29,15999,15%,Samsung,Dimensity 6300 Processor,50MP,50MP,1 Year,1 Year,5000,6.7,4,128
8999,4.2,29,10999,18%,Ai,T8200 Processor,50MP,5MP,1 Year,1 Year,5000,6.745,6,128
34999,4.5,29,45999,23%,realme,Dimensity Processor,50MP,50MP + 50MP + 8MP + 50MP,1 Year,1 Year,7000,6.7,8,256
10999,4.0,29,12999,15%,OPPO,Dimensity 6300 Processor,13MP,13MP,1 Year,1 Year,6500,6.75,4,64
37999,4.5,29,42999,11%,realme,Dimensity 8400-MAX Processor,50MP,50MP + 8MP,No Warranty,No Warranty,7000,6.8,12,256
68000,4.7,29,76999,11%,IQOO,Dimensity 6300 Processor,50MP,50MP,1 Year,1 Year,7000,6.85,12,256
1579,3.6,29,2099,24%,Nokia,Dimensity 6300 Processor,0.08MP,0.08MP,Up to 6 Months,Up to 6 Months,1000,6.7,8,0
26999,4.4,29,33999,20%,vivo,Dimensity 7300 Processor,50MP,50MP + 8MP,1 Year,1 Year,5600,6.77,8,128
19999,4.4,29,23999,16%,Tecno,Dimensity 7300 Ultimate Processor,64MP,64MP,1 Year,No Warranty,5500,6.78,8,256
17999,4.4,29,19999,10%,Tecno,Dimensity 7300 Ultimate Processor,64MP,64MP,1 Year,No Warranty,5500,6.78,8,128
1490,4.1,29,1899,21%,itel,Dimensity 6300 Processor,0.8MP,50MP,1 Year,No Warranty,2500,2.4,32,0
11999,4.4,29,12999,7%,realme,Dimensity 6300 Processor,32MP,8MP,1 Year,1 Year,6000,6.67,4,128
29999,4.5,29,35999,16%,OPPO,Dimensity 8450 Processor,50MP,50MP + 2MP,1 Year,1 Year,7000,6.8,8,256
26999,4.2,29,27999,3%,realme,MediaTek Dimensity 6400 MAX Processor,50MP,50MP + 2MP,1 Year,1 Year,7000,6.57,12,256
25999,4.6,30,32999,21%,realme,Dimensity 7400 Ultra Processor,50MP,50MP + 8MP,1 Year,1 Year,10001,6.8,8,128
7499,4.1,30,8999,16%,POCO,Helio G36 Processor,8MP,5MP,1 Year,1 Year,5000,6.71,4,64
59999,4.7,30,64999,7%,OPPO,Dimensity 8450 Processor,50MP,200MP + 50MP + 50MP,1 Year,1 Year,6200,6.32,12,256
37999,4.4,30,42999,11%,MOTOROLA,Dimensity 8350 Processor,50MP,50MP + 50MP + 10MP,1 Year,1 Year,6000,6.7,16,512
24999,4.3,30,32999,21%,realme,MediaTek Dimensity 6400 MAX Processor,50MP,50MP + 2MP,1 Year,1 Year,7000,6.57,8,256
29999,4.5,30,35999,16%,OPPO,Dimensity 8450 Processor,50MP,50MP + 2MP,1 Year,1 Year,7000,6.8,8,256
15499,4.2,30,18999,18%,Samsung,Dimensity 6300 Processor,50MP,50MP + 5MP + 2MP,1 Year,1 Year,5000,6.657,8,128
72899,4.8,30,76999,5%,OnePlus,Dimensity 6300 Processor,50MP,50MP,1 Year,No Warranty,7300,6.78,12,256
23495,4.6,30,26999,12%,REDMI,Dimensity 6300 Processor,108MP,108MP,1 Year,No Warranty,5520,6.77,8,128
15999,4.4,30,18999,15%,Tecno,Dimensity 7300 Ultimate Processor,64MP,64MP,1 Year,No Warranty,5500,6.78,6,128
28999,4.4,30,35999,19%,vivo,Dimensity 7300 Processor,50MP,50MP + 8MP,1 Year,1 Year,5600,6.77,8,256
1579,3.6,30,2099,24%,Nokia,Dimensity 6300 Processor,0.08MP,0.08MP,Up to 6 Months,Up to 6 Months,1000,6.7,8,0
19798,4.5,30,23999,17%,realme,Dimensity 6300 Processor,50MP,50MP,1 Year,1 Year,6000,6.77,8,256
599,3.3,30,999,40%,ringme,Dimensity 6300 Processor,0.3MP,0.3MP,Up to 6 Months,No Warranty,1000,1.8,8,0
8999,4.2,30,9999,10%,REDMI,T7250 Processor,32MP,8MP,1 Year,1 Year,5200,6.88,4,128
9999,3.9,30,12999,23%,Ai,T8200 Processor,50MP,5MP,1 Year,1 Year,5000,6.745,8,128
7999,4.1,30,8999,11%,REDMI,T7250 Processor,32MP,8MP,1 Year,1 Year,5200,6.88,3,64
929,4.1,30,1199,22%,LAVA,Dimensity 6300 Processor,50MP,0MP,1 Year,1 Year,5500,1.8,32,32
13989,4.3,30,15999,12%,REDMI,Dimensity 6300 Processor,50MP,50MP,1 Year,1 Year,6000,6.9,6,128
8220,4.4,30,10499,21%,Samsung,Helio G99 Processor,50MP,50MP,1 Year,1 Year,5000,6.7,4,64
13499,4.4,30,15999,15%,vivo,Dimensity 6300 Processor,50MP,5MP,1 Year,1 Year,6000,6.74,4,0
25999,4.6,31,32999,21%,realme,Dimensity 7400 Ultra Processor,50MP,50MP + 8MP,1 Year,1 Year,10001,6.8,8,128
9999,4.3,31,13999,28%,REDMI,Mediatek Dimensity 6100+ Processor,50MP,5MP,1 Year,1 Year,5000,6.74,4,128
499,3.7,31,999,50%,HOTLINE,Dimensity 6300 Processor,50MP,0MP,Up to 6 Months,No Warranty,1000,1.8,16,0
119999,4.2,31,164999,27%,Samsung,Snapdragon 8 Gen 3 Processor,50MP,50MP + 12MP + 10MP,1 Year,1 Year,4400,7.6,12,256
59999,4.7,31,64999,7%,OPPO,Dimensity 8450 Processor,50MP,200MP + 50MP + 50MP,1 Year,1 Year,6200,6.32,12,256
23999,4.4,31,24999,4%,Nothing,MediaTek Dimensity 7300 Pro Processor,50MP,50MP + 8MP + 2MP,1 Year,No Warranty,5000,6.7,8,256
21999,4.4,31,22999,4%,Nothing,MediaTek Dimensity 7300 Pro Processor,50MP,50MP + 8MP + 2MP,1 Year,No Warranty,5000,6.7,8,128
15999,4.4,31,18999,15%,Tecno,Dimensity 7300 Ultimate Processor,64MP,64MP,1 Year,No Warranty,5500,6.78,6,128
14980,4.3,31,16999,11%,REDMI,Dimensity 6300 Processor,50MP,50MP,1 Year,1 Year,6000,6.9,8,128
10391,4.1,31,13999,25%,Samsung,Dimensity 6300 Processor,50MP,50MP + 2MP,1 Year,1 Year,5000,6.7,4,64
9999,3.9,31,12999,23%,Ai,T8200 Processor,50MP,5MP,1 Year,1 Year,5000,6.745,8,128
30999,4.4,31,45999,32%,Samsung,Exynos 1480 Processor,50MP,32MP,1 Year,1 Year,5000,6.6,8,256
74999,4.6,31,80999,7%,Samsung,Dimensity 6300 Processor,50MP,50MP + 10MP + 12MP,1 Year,1 Year,4000,6.2,12,256
54900,4.6,31,32999,21%,Apple,A15 Bionic Chip,50MP,12MP,1 Year,1 Year,5500,6.1,128,0
37999,4.4,31,42999,11%,MOTOROLA,Dimensity 8350 Processor,50MP,50MP + 50MP + 10MP,1 Year,1 Year,6000,6.7,16,512
23999,4.4,31,30999,22%,REDMI,Dimensity 7300 Ultra Processor,50MP,50MP + 8MP + 2MP,1 Year,1 Year,5500,6.67,8,256
15989,3.8,31,17999,11%,LAVA,Dimensity 6300 Processor,64MP,64MP,1 Year,1 Year,5000,6.67,8,128
899,4.0,31,1499,40%,Kechaoda,Dimensity 6300 Processor,50MP,0MP,Up to 6 Months,No Warranty,5500,0.66,16,0
72899,4.8,31,76999,5%,OnePlus,Dimensity 6300 Processor,50MP,50MP,1 Year,No Warranty,7300,6.78,12,256
19999,4.4,31,23499,14%,vivo,Dimensity 7300 Processor,50MP,50MP + 2MP,1 Year,No Warranty,6500,6.72,8,128
21999,4.4,31,25499,13%,vivo,Dimensity 7300 Processor,50MP,50MP + 2MP,1 Year,No Warranty,6500,6.72,8,256
31999,4.4,32,35999,11%,realme,Dimensity 6300 Processor,50MP,50MP + 50MP + 8MP,1 Year,1 Year,6000,6.83,8,256
30999,4.4,32,45999,32%,Samsung,Exynos 1480 Processor,50MP,32MP,1 Year,1 Year,5000,6.6,8,256
25999,4.6,32,32999,21%,realme,Dimensity 7400 Ultra Processor,50MP,50MP + 8MP,1 Year,1 Year,10001,6.8,8,128
31999,4.4,32,34999,8%,vivo,Dimensity 7360-Turbo Processor,50MP,200MP + 8MP,1 Year,1 Year,6500,6.77,8,128
33999,4.4,32,36999,8%,vivo,Dimensity 7360-Turbo Processor,50MP,200MP + 8MP,1 Year,1 Year,6500,6.77,8,256
460,3.5,32,999,53%,HOTLINE,Dimensity 6300 Processor,0.3MP,0.3MP,Up to 6 Months,No Warranty,1000,1.8,8,0
10999,4.1,32,13999,21%,Samsung,Dimensity 6300 Processor,50MP,50MP + 2MP,1 Year,1 Year,5000,6.7,4,64
15499,4.4,32,17499,11%,vivo,Dimensity 6300 Processor,50MP,5MP,1 Year,1 Year,6000,6.74,6,0
12499,4.4,32,14999,16%,vivo,Dimensity 6300 Processor,50MP,5MP,1 Year,1 Year,6000,6.74,4,0
19499,4.4,32,24999,22%,Infinix,Dimensity 7400 Processor,50MP,64MP + 8MP,1 Year,1 Year,5500,6.78,8,128
11999,4.3,32,14999,20%,Motorola,Snapdragon 6s Gen 3 Processor,50MP,16MP,1 Year,1 Year,5000,6.5,8,128
17999,4.5,32,21999,18%,POCO,Dimensity 6300 Processor,50MP,20MP,1 Year,1 Year,5520,6.77,6,128
38999,4.5,32,43999,11%,vivo,Dimensity 6300 Processor,50MP,50MP + 8MP + 50MP,1 Year,1 Year,6500,6.77,8,256
59999,4.7,32,64999,7%,OPPO,Dimensity 8450 Processor,50MP,200MP + 50MP + 50MP,1 Year,1 Year,6200,6.32,12,256
15989,3.8,32,17999,11%,LAVA,Dimensity 6300 Processor,64MP,64MP,1 Year,1 Year,5000,6.67,8,128
12280,4.0,32,14999,18%,REDMI,Dimensity 6300 Processor,50MP,50MP,1 Year,1 Year,6000,6.9,4,128
30999,4.4,32,32999,21%,REDMI,Dimensity 7300 Ultra Processor,50MP,50MP + 8MP + 2MP,1 Year,1 Year,5500,6.67,8,256
10499,4.2,32,12999,19%,POCO,Mediatek Dimensity 6100+ Processor,50MP,5MP,1 Year,1 Year,5000,6.74,4,128
1799,4.1,32,32999,21%,itel,Unisoc Processor,50MP,0MP,Up to 6 Months,No Warranty,1900,2.8,32,0
9480,4.0,32,12499,24%,Samsung,Dimensity 6300 Processor,50MP,50MP,1 Year,1 Year,5000,6.7,4,64
8999,4.2,32,9999,10%,REDMI,T7250 Processor,32MP,8MP,1 Year,1 Year,5200,6.88,4,128
1299,3.5,33,1999,35%,KARBONN,Dimensity 6300 Processor,0.03MP,50MP,No Warranty,No Warranty,2000,2.4,128,0
10999,4.0,33,12999,15%,OPPO,Dimensity 6300 Processor,13MP,13MP,1 Year,1 Year,6500,6.75,4,64
25999,4.6,33,32999,21%,realme,Dimensity 7400 Ultra Processor,50MP,50MP + 8MP,1 Year,1 Year,10001,6.8,8,128
8999,4.2,33,9999,10%,REDMI,T7250 Processor,32MP,8MP,1 Year,1 Year,5200,6.88,4,128
729,3.8,33,1749,58%,Jio,Dimensity 6300 Processor,0.3MP,0MP,1 Year,No Warranty,1000,1.77,128,0
20109,3.8,33,25999,22%,LAVA,Dimensity 6300 Processor,50MP,50MP,1 Year,1 Year,5000,6.7,8,128
19499,4.4,33,24999,22%,Infinix,Dimensity 7400 Processor,50MP,64MP + 8MP,1 Year,1 Year,5500,6.78,8,128
899,4.0,33,2049,56%,Kechaoda,Dimensity 6300 Processor,50MP,0MP,Up to 6 Months,No Warranty,5500,1.68,8,0
10999,4.1,33,13999,21%,Samsung,Dimensity 6300 Processor,50MP,50MP + 2MP,1 Year,1 Year,5000,6.7,4,64
14999,4.3,33,16999,11%,realme,Dimensity 6300 Processor,50MP,8MP,1 Year,1 Year,6000,6.67,6,128
20999,4.3,33,26999,22%,POCO,Dimensity 6300 Processor,50MP,64MP + 8MP + 2MP,1 Year,1 Year,5100,6.67,12,256
19999,4.4,33,23999,16%,Tecno,Dimensity 7300 Ultimate Processor,64MP,64MP,1 Year,No Warranty,5500,6.78,8,256
14974,4.2,33,19999,25%,REDMI,Dimensity 6300 Processor,108MP,108MP,1 Year,No Warranty,5030,6.79,8,128
14760,4.2,33,19999,26%,REDMI,Dimensity 6300 Processor,108MP,108MP,No Warranty,No Warranty,5030,6.79,8,128
19999,4.4,33,23499,14%,vivo,Dimensity 7300 Processor,50MP,50MP + 2MP,1 Year,No Warranty,6500,6.72,8,128
1249,4.0,33,1499,16%,Kechaoda,Dimensity 6300 Processor,0.3MP,50MP,Up to 6 Months,No Warranty,1700,2.4,16,0
12499,4.3,33,17999,30%,REDMI,Dimensity 6300 Processor,50MP,13MP,1 Year,1 Year,5030,6.79,6,128
7999,4.1,33,8999,11%,REDMI,T7250 Processor,32MP,8MP,1 Year,1 Year,5200,6.88,3,64
102900,4.7,18,32999,21%,Apple,A19 Chip,50MP,18MP,No Warranty,No Warranty,5500,6.3,512,0
33999,4.3,33,40999,17%,MOTOROLA,Dimensity 8350 Processor,50MP,50MP + 50MP + 10MP,1 Year,1 Year,6000,6.7,12,256
23495,4.6,33,26999,12%,REDMI,Dimensity 6300 Processor,108MP,108MP,1 Year,No Warranty,5520,6.77,8,128
460,3.5,33,999,53%,HOTLINE,Dimensity 6300 Processor,0.3MP,0.3MP,Up to 6 Months,No Warranty,1000,1.8,8,0
54999,4.4,33,72999,24%,MOTOROLA,Dimensity 7400X Processor,50MP,50MP + 13MP,1 Year,1 Year,4500,6.9,8,256
15999,4.4,33,19999,20%,Tecno,Dimensity 7300 Ultimate Processor,50MP,50MP,1 Year,No Warranty,6000,6.78,8,256
23999,4.4,34,30999,22%,REDMI,Dimensity 7300 Ultra Processor,50MP,50MP + 8MP + 2MP,1 Year,1 Year,5500,6.67,8,256
22999,4.1,34,26999,14%,OPPO,Dimensity 6300 Processor,50MP,50MP + 2MP,1 Year,1 Year,7000,6.75,8,128
25999,4.4,34,29999,13%,vivo,Dimensity 7300 Processor,50MP,50MP + 2MP,1 Year,1 Year,5500,6.77,8,128
25999,4.6,34,32999,21%,realme,Dimensity 7400 Ultra Processor,50MP,50MP + 8MP,1 Year,1 Year,10001,6.8,8,128
27999,4.4,34,31999,12%,vivo,Dimensity 7300 Processor,50MP,50MP + 2MP,1 Year,1 Year,5500,6.77,8,256
22999,4.4,34,25999,11%,vivo,Dimensity 6300 Processor,50MP,50MP + 2MP,1 Year,1 Year,6000,6.67,8,128
17999,4.3,34,32999,21%,REDMI,Dimensity 6300 Processor,108MP,108MP,1 Year,No Warranty,5030,6.79,6,128
726,3.0,34,1699,57%,Samsung,Dimensity 6300 Processor,50MP,50MP,1 Year,No Warranty,5500,1.8,8,0
9999,4.3,34,13999,28%,REDMI,Mediatek Dimensity 6100+ Processor,50MP,5MP,1 Year,1 Year,5000,6.74,4,128
726,3.0,34,1299,44%,Samsung,Dimensity 6300 Processor,50MP,50MP,1 Year,No Warranty,5500,1.8,8,0
11999,4.2,34,12999,7%,realme,Dimensity 6300 Processor,32MP,8MP,1 Year,1 Year,6000,6.67,4,64
1249,4.0,34,1499,16%,Kechaoda,Dimensity 6300 Processor,0.3MP,50MP,Up to 6 Months,No Warranty,1700,2.4,16,0
19990,4.3,34,23499,14%,Samsung,Exynos 1330 Processor,50MP,13MP,1 Year,1 Year,5000,6.7,8,128
102900,4.7,37,32999,21%,Apple,A19 Chip,50MP,18MP,No Warranty,No Warranty,5500,6.3,512,0
11999,4.3,34,14999,20%,Motorola,Snapdragon 6s Gen 3 Processor,50MP,16MP,1 Year,1 Year,5000,6.5,8,128
26399,4.4,34,33999,22%,vivo,Dimensity 7300 Processor,50MP,50MP + 8MP,1 Year,1 Year,5600,6.77,8,128
9029,4.2,34,10990,17%,LAVA,Dimensity 6300 Processor,50MP,50MP,1 Year,1 Year,5000,6.6,4,64
23364,4.6,34,26999,13%,REDMI,Dimensity 6300 Processor,108MP,108MP,1 Year,No Warranty,5520,6.77,8,128
938,4.1,34,1199,21%,LAVA,Dimensity 6300 Processor,50MP,0MP,1 Year,1 Year,5500,1.8,32,32
9654,4.3,34,13999,31%,REDMI,Dimensity 6300 Processor,50MP,50MP,1 Year,No Warranty,5000,6.74,4,128
599,3.4,34,999,40%,Lvix,Dimensity 6300 Processor,0.3MP,0.3MP,Up to 6 Months,No Warranty,1000,1.77,8,0
729,3.8,34,1749,58%,Jio,Dimensity 6300 Processor,0.3MP,0MP,1 Year,No Warranty,1000,1.77,128,0
25999,4.6,35,32999,21%,realme,Dimensity 7400 Ultra Processor,50MP,50MP + 8MP,1 Year,1 Year,10001,6.8,8,128
854,3.8,35,1699,49%,I,Dimensity 6300 Processor,0.3MP,50MP,1 Year,1 Year,2500,2.4,8,0
729,3.8,35,1749,58%,Jio,Dimensity 6300 Processor,0.3MP,0MP,1 Year,No Warranty,1000,1.77,128,0
15499,4.2,35,16499,6%,Samsung,Exynos 1330 Processor,50MP,13MP,1 Year,1 Year,5000,6.7,4,128
1109,4.1,35,1649,32%,itel,Dimensity 6300 Processor,0.3MP,0.3MP,1 Year,No Warranty,1200,2.4,8,0
930,4.0,35,1599,41%,Kechaoda,Dimensity 6300 Processor,50MP,0MP,Up to 6 Months,No Warranty,5500,0.66,16,0
23999,4.4,35,31999,25%,realme,Dimensity 8350 Ultra Processor,50MP,50MP + 8MP,1 Year,1 Year,6000,6.83,8,128
45999,4.6,35,49999,8%,OPPO,Dimensity 6300 Processor,50MP,50MP + 50MP + 8MP,1 Year,1 Year,6500,6.59,8,256
13499,4.1,35,15999,15%,Samsung,Dimensity 6300 Processor,50MP,50MP,1 Year,1 Year,5000,6.7,4,128
809,3.8,35,1999,59%,Jmax,Dimensity 6300 Processor,1.3MP,1.3MP,1 Year,No Warranty,2250,2.4,8,0
13499,4.4,35,15999,15%,vivo,Dimensity 6300 Processor,50MP,5MP,1 Year,1 Year,6000,6.74,4,0
21999,4.4,35,22999,4%,Nothing,MediaTek Dimensity 7300 Pro Processor,50MP,50MP + 8MP + 2MP,1 Year,No Warranty,5000,6.7,8,128
1289,4.0,35,1499,14%,Kechaoda,Dimensity 6300 Processor,0.3MP,50MP,Up to 6 Months,No Warranty,1700,2.4,16,0
26999,4.5,35,35999,25%,realme,Dimensity 8350 Ultra Processor,50MP,50MP + 8MP,1 Year,1 Year,6000,6.83,12,256
7990,4.4,35,8699,8%,itel,Dimensity 6300 Processor,13MP,13MP,1 Year,No Warranty,5000,6.6,4,64
11296,4.2,35,12999,13%,IQOO,Dimensity 6300 Processor,50MP,50MP,1 Year,No Warranty,6000,6.74,4,64
40999,4.4,35,52999,22%,realme,Dimensity Processor,50MP,50MP + 50MP + 50MP + 8MP,1 Year,1 Year,7000,6.78,12,512
1299,3.0,35,1999,35%,Samsung,Dimensity 6300 Processor,0.3MP,0.3MP,No Warranty,No Warranty,1000,2.0,4,0
25999,4.4,35,29999,13%,vivo,Dimensity 7300 Processor,50MP,50MP + 2MP,1 Year,1 Year,5500,6.77,8,128
24999,4.4,35,27999,10%,vivo,Dimensity 6300 Processor,50MP,50MP + 2MP,1 Year,1 Year,6000,6.74,8,256
34999,4.3,35,41999,16%,OPPO,Dimensity 6300 Processor,50MP,50MP + 2MP,1 Year,1 Year,7000,6.8,8,256
36999,4.4,35,44999,17%,OPPO,Dimensity 6300 Processor,50MP,50MP + 2MP,1 Year,1 Year,7000,6.8,12,256
25999,4.6,36,32999,21%,realme,Dimensity 7400 Ultra Processor,50MP,50MP + 8MP,1 Year,1 Year,10001,6.8,8,128
25999,4.3,36,31999,18%,MOTOROLA,Dimensity 7400 Processor,50MP,50MP,1 Year,1 Year,5500,6.67,12,256
108799,4.6,36,134999,19%,Samsung,Snapdragon 8 Gen 3 Processor,50MP,200MP + 50MP + 12MP + 10MP,1 Year,1 Year,5000,6.8,12,256
134900,4.7,36,32999,21%,Apple,A19 Chip,50MP,18MP,No Warranty,No Warranty,5500,6.3,256,0
45999,4.5,36,50999,9%,vivo,Dimensity 6300 Processor,50MP,50MP + 8MP + 50MP,1 Year,1 Year,6500,6.77,16,512
19999,4.4,36,28999,31%,realme,Dimensity 6300 Processor,50MP,50MP + 2MP,1 Year,1 Year,6000,6.83,8,128
31999,4.4,36,34999,8%,vivo,Dimensity 7360-Turbo Processor,50MP,200MP + 8MP,1 Year,1 Year,6500,6.77,8,128
36999,4.4,36,48999,24%,realme,Dimensity Processor,50MP,50MP + 50MP + 50MP + 8MP,1 Year,1 Year,7000,6.78,12,256
2499,3.4,36,3499,28%,Jio,Dimensity 6300 Processor,0.3MP,50MP,No Warranty,No Warranty,1500,2.4,8,0
19999,4.4,36,20999,4%,realme,Mediatek Dimensity 7400 Processor,50MP,50MP + 8MP,1 Year,1 Year,7000,6.77,6,128
1262,4.1,36,1899,33%,itel,Dimensity 6300 Processor,0.3MP,50MP,Up to 6 Months,No Warranty,1500,2.0,32,0
38999,4.5,36,43999,11%,vivo,Dimensity 6300 Processor,50MP,50MP + 8MP + 50MP,1 Year,1 Year,6500,6.77,8,256
14974,4.2,36,19999,25%,REDMI,Dimensity 6300 Processor,108MP,108MP,1 Year,No Warranty,5030,6.79,8,128
12999,4.1,36,16999,23%,Samsung,Dimensity 6300 Processor,50MP,50MP + 2MP,1 Year,1 Year,5000,6.7,6,128
11799,4.3,36,13999,15%,POCO,Dimensity 6300 Processor,50MP,8MP,1 Year,1 Year,5160,6.88,8,128
21999,4.4,36,32999,21%,realme,Mediatek Dimensity 7400 Processor,50MP,50MP + 8MP,1 Year,1 Year,7000,6.77,8,128
11277,4.2,36,12999,13%,realme,Dimensity 6300 Processor,32MP,8MP,1 Year,1 Year,6000,6.67,4,64
14198,4.3,36,15999,11%,REDMI,Dimensity 6300 Processor,50MP,50MP,1 Year,1 Year,6000,6.9,6,128
3215,4.0,36,3899,17%,itel,Dimensity 6300 Processor,0.8MP,50MP,More than 1 Year,No Warranty,1200,2.4,64,0
13740,4.3,36,15999,14%,REDMI,Dimensity 6300 Processor,50MP,50MP,1 Year,1 Year,6000,6.9,6,128
154900,4.7,18,32999,21%,Apple,A19 Chip,50MP,18MP,No Warranty,No Warranty,5500,6.3,512,0
9999,4.4,25,13999,28%,BlackZone,Dimensity 6300 Processor,32MP,32MP,1 Year,No Warranty,5000,6.6,8,128
1330,4.0,37,1599,16%,LAVA,Dimensity 6300 Processor,0.3MP,0.3MP,1 Year,1 Year,1200,2.4,8,0
25999,4.6,37,32999,21%,realme,Dimensity 7400 Ultra Processor,50MP,50MP + 8MP,1 Year,1 Year,10001,6.8,8,128
13499,4.6,37,14499,6%,OPPO,Dimensity 6300 Processor,13MP,13MP,1 Year,1 Year,6500,6.75,4,64
599,3.3,37,999,40%,ringme,Dimensity 6300 Processor,0.3MP,0.3MP,Up to 6 Months,No Warranty,1000,1.8,8,0
23999,4.4,37,31999,25%,realme,Dimensity 8350 Ultra Processor,50MP,50MP + 8MP,1 Year,1 Year,6000,6.83,8,128
11296,4.2,37,12999,13%,IQOO,Dimensity 6300 Processor,50MP,50MP,1 Year,No Warranty,6000,6.74,4,64
14499,4.6,37,15999,9%,OPPO,Dimensity 6300 Processor,13MP,13MP,1 Year,1 Year,6500,6.75,4,128
3299,3.4,34,5199,36%,BlackZone,Octa Core Processor,50MP,50MP,1 Year,No Warranty,3000,2.8,3,16
7499,4.1,37,8999,16%,POCO,Helio G36 Processor,8MP,5MP,1 Year,1 Year,5000,6.71,4,64
8390,4.0,37,8399,21%,LAVA,Dimensity 6300 Processor,50MP,50MP,1 Year,1 Year,5000,6.6,4,128
23364,4.6,37,26999,13%,REDMI,Dimensity 6300 Processor,108MP,108MP,1 Year,No Warranty,5520,6.77,8,128
9654,4.3,37,13999,31%,REDMI,Dimensity 6300 Processor,50MP,50MP,1 Year,No Warranty,5000,6.74,4,128
53999,4.6,37,59999,10%,OPPO,Dimensity 6300 Processor,50MP,50MP + 50MP + 8MP,1 Year,1 Year,6500,6.59,12,512
19999,4.4,37,20999,4%,realme,Mediatek Dimensity 7400 Processor,50MP,50MP + 8MP,1 Year,1 Year,7000,6.77,6,128
6999,4.3,37,7999,12%,Ai,T615 Processor,50MP,5MP,1 Year,1 Year,5000,6.745,4,64
34999,4.3,37,39999,12%,realme,Dimensity 8400-MAX Processor,50MP,50MP + 8MP,No Warranty,No Warranty,7000,6.8,8,256
17999,4.4,37,19999,10%,Tecno,Dimensity 7300 Ultimate Processor,64MP,64MP,1 Year,No Warranty,5500,6.78,8,128
7955,4.4,37,10499,24%,Samsung,Helio G99 Processor,50MP,50MP,1 Year,1 Year,5000,6.7,4,64
48999,4.6,37,54999,10%,OPPO,Dimensity 6300 Processor,50MP,50MP + 50MP + 8MP,1 Year,1 Year,6500,6.59,12,256
1262,4.1,37,1899,33%,itel,Dimensity 6300 Processor,0.3MP,50MP,Up to 6 Months,No Warranty,1500,2.0,32,0
74999,4.6,38,80999,7%,Samsung,Dimensity 6300 Processor,50MP,50MP + 10MP + 12MP,1 Year,1 Year,4000,6.2,12,256
11390,4.2,38,12999,12%,IQOO,Dimensity 6300 Processor,50MP,50MP,1 Year,No Warranty,6000,6.74,4,64
25999,4.6,38,32999,21%,realme,Dimensity 7400 Ultra Processor,50MP,50MP + 8MP,1 Year,1 Year,10001,6.8,8,128
6999,4.3,38,7999,12%,Ai,T615 Processor,50MP,5MP,1 Year,1 Year,5000,6.745,4,64
55354,4.6,38,59999,7%,Samsung,Exynos 2400 Processor,50MP,50MP + 12MP + 8MP,1 Year,1 Year,4900,6.7,8,128
13499,4.6,38,14499,6%,OPPO,Dimensity 6300 Processor,13MP,13MP,1 Year,1 Year,6500,6.75,4,64
13999,4.3,38,16999,17%,POCO,Snapdragon 6s Gen 3 5G Processor,50MP,50MP,1 Year,1 Year,7000,6.9,6,128
12999,4.2,38,13999,7%,realme,Dimensity 6300 Processor,32MP,8MP,1 Year,1 Year,6000,6.67,4,128
1119,4.1,38,1649,32%,itel,Dimensity 6300 Processor,0.3MP,0.3MP,1 Year,No Warranty,1200,2.4,8,0
20109,3.8,38,25999,22%,LAVA,Dimensity 6300 Processor,50MP,50MP,1 Year,1 Year,5000,6.7,8,128
16499,4.3,38,19499,15%,OPPO,Dimensity 6300 Processor,50MP,50MP + 2MP,1 Year,1 Year,6000,6.67,6,128
53999,4.6,38,59999,10%,OPPO,Dimensity 6300 Processor,50MP,50MP + 50MP + 8MP,1 Year,1 Year,6500,6.59,12,512
48999,4.6,38,54999,10%,OPPO,Dimensity 6300 Processor,50MP,50MP + 50MP + 8MP,1 Year,1 Year,6500,6.59,12,256
28999,4.3,38,32999,12%,POCO,Dimensity D8300 Ultra Processor,50MP,64MP + 8MP + 2MP,1 Year,1 Year,5000,6.67,12,512
497,3.5,38,999,50%,HOTLINE,Dimensity 6300 Processor,0.3MP,0.3MP,Up to 6 Months,No Warranty,1000,1.8,8,0
471,3.5,38,999,52%,HOTLINE,Dimensity 6300 Processor,0.3MP,0.3MP,Up to 6 Months,No Warranty,1000,1.8,8,0
34999,4.3,38,39999,12%,realme,Dimensity 8400-MAX Processor,50MP,50MP + 8MP,No Warranty,No Warranty,7000,6.8,8,256
1459,4.1,38,2499,41%,I,Dimensity 6300 Processor,0.3MP,50MP,1 Year,1 Year,2000,1.8,8,0
36999,4.5,38,41999,11%,vivo,Dimensity 6300 Processor,50MP,50MP + 8MP + 50MP,1 Year,1 Year,6500,6.77,8,128
74999,4.5,38,79999,6%,Google,Tensor G5 Processor,50MP,48MP + 13MP + 10.8MP,1 Year,No Warranty,4970,6.3,12,256
46999,4.4,38,52999,11%,Samsung,Exynos 1580 Processor,50MP,50MP + 12MP + 5MP,1 Year,1 Year,5000,6.7,12,256
31580,4.0,38,34999,9%,Samsung,Dimensity 6300 Processor,50MP,50MP,1 Year,1 Year,5000,6.7,12,256
9398,4.1,38,9499,1%,LAVA,Dimensity 6300 Processor,13MP,13MP,1 Year,1 Year,5000,6.7,4,64
16999,4.5,38,17499,2%,OPPO,Dimensity 6300 Processor,13MP,13MP,1 Year,1 Year,6500,6.75,6,128
2499,3.4,39,3499,28%,Jio,Dimensity 6300 Processor,0.3MP,50MP,No Warranty,No Warranty,1500,2.4,8,0
16999,4.5,39,17499,2%,OPPO,Dimensity 6300 Processor,13MP,13MP,1 Year,1 Year,6500,6.75,6,128
19999,4.3,39,27999,28%,POCO,Dimensity 7300 Ultra Processor,50MP,50MP + 8MP + 2MP,1 Year,1 Year,5500,6.67,8,256
1839,3.8,39,2399,23%,hmd,Dimensity 6300 Processor,50MP,50MP,1 Year,No Warranty,1000,2.0,8,0
25999,4.6,39,32999,21%,realme,Dimensity 7400 Ultra Processor,50MP,50MP + 8MP,1 Year,1 Year,10001,6.8,8,128
599,3.4,39,999,40%,Lvix,Dimensity 6300 Processor,0.3MP,0.3MP,Up to 6 Months,No Warranty,1000,1.77,8,0
11999,3.9,39,21999,45%,Acer,Dimensity 6300 Processor,64MP,64MP,1 Year,No Warranty,5000,6.7,8,128
21999,4.4,39,30999,29%,realme,Dimensity 6300 Processor,50MP,50MP + 2MP,1 Year,1 Year,6000,6.83,8,256
22999,4.4,39,32999,30%,realme,Dimensity 6300 Processor,50MP,50MP + 2MP,1 Year,1 Year,6000,6.83,12,256
19999,4.4,39,28999,31%,realme,Dimensity 6300 Processor,50MP,50MP + 2MP,1 Year,1 Year,6000,6.83,8,128
23999,4.4,39,32999,27%,OPPO,Dimensity 7300 Processor,50MP,50MP + 2MP,1 Year,1 Year,6000,6.7,8,128
497,3.5,39,999,50%,HOTLINE,Dimensity 6300 Processor,0.3MP,0.3MP,Up to 6 Months,No Warranty,1000,1.8,8,0
48999,4.6,39,54999,10%,OPPO,Dimensity 6300 Processor,50MP,50MP + 50MP + 8MP,1 Year,1 Year,6500,6.59,12,256
471,3.5,39,999,52%,HOTLINE,Dimensity 6300 Processor,0.3MP,0.3MP,Up to 6 Months,No Warranty,1000,1.8,8,0
32999,4.4,39,34999,5%,realme,Mediatek Dimensity 7300+ 5G Processor,50MP,50MP + 8MP,1 Year,1 Year,7000,6.8,12,256
26999,4.5,39,35999,25%,realme,Dimensity 8350 Ultra Processor,50MP,50MP + 8MP,1 Year,1 Year,6000,6.83,12,256
12999,4.1,39,16999,23%,Samsung,Dimensity 6300 Processor,50MP,50MP + 2MP,1 Year,1 Year,5000,6.7,6,128
28999,4.6,39,32999,21%,REDMI,Dimensity 6300 Processor,108MP,108MP,1 Year,No Warranty,5520,6.77,8,256
809,3.8,39,1999,59%,Jmax,Dimensity 6300 Processor,1.3MP,1.3MP,1 Year,No Warranty,2250,2.4,8,0
55354,4.6,39,59999,7%,Samsung,Exynos 2400 Processor,50MP,50MP + 12MP + 8MP,1 Year,1 Year,4900,6.7,8,128
13999,4.2,39,32999,21%,Motorola,Snapdragon 695 5G Processor,50MP,50MP + 2MP,1 Year,1 Year,5000,6.5,4,128
21999,4.4,39,28999,24%,REDMI,Dimensity 7300 Ultra Processor,50MP,50MP + 8MP + 2MP,1 Year,1 Year,5500,6.67,8,128
38999,4.5,39,43999,11%,vivo,Dimensity 6300 Processor,50MP,50MP + 8MP + 50MP,1 Year,1 Year,6500,6.77,8,256
30999,4.3,40,32999,21%,Samsung,Dimensity 6300 Processor,50MP,50MP,1 Year,1 Year,5000,6.7,8,128
28999,4.4,40,29999,3%,realme,Mediatek Dimensity 7300+ 5G Processor,50MP,50MP + 8MP,1 Year,1 Year,7000,6.8,8,128
30999,4.4,40,31999,3%,realme,Mediatek Dimensity 7300+ 5G Processor,50MP,50MP + 8MP,1 Year,1 Year,7000,6.8,8,256
19199,4.2,40,24999,23%,REDMI,Dimensity 6300 Processor,50MP,50MP,1 Year,No Warranty,5110,6.67,8,256
10999,4.2,40,14499,24%,POCO,Dimensity 6300 Processor,50MP,8MP,1 Year,1 Year,6000,6.9,4,128
36999,4.4,40,44999,17%,OPPO,Dimensity 6300 Processor,50MP,50MP + 2MP,1 Year,1 Year,7000,6.8,12,256
23890,4.4,40,30999,22%,REDMI,Dimensity 7300 Ultra Processor,50MP,50MP + 8MP + 2MP,1 Year,1 Year,5500,6.67,8,256
21999,4.4,40,28999,24%,REDMI,Dimensity 7300 Ultra Processor,50MP,50MP + 8MP + 2MP,1 Year,1 Year,5500,6.67,8,128
1996,3.8,40,2699,26%,itel,Dimensity 6300 Processor,0.3MP,50MP,Up to 6 Months,No Warranty,1900,1.8,32,0
31580,4.0,40,34999,9%,Samsung,Dimensity 6300 Processor,50MP,50MP,1 Year,1 Year,5000,6.7,12,256
998,4.0,40,1620,38%,Kechaoda,Dimensity 6300 Processor,0.3MP,0.3MP,Up to 6 Months,No Warranty,5500,1.3,8,0
28999,4.6,40,32999,21%,REDMI,Dimensity 6300 Processor,108MP,108MP,1 Year,No Warranty,5520,6.77,8,256
35999,4.4,40,37999,5%,POCO,Dimensity 6300 Processor,50MP,50MP,1 Year,1 Year,7550,6.83,12,512
23999,4.4,40,32999,21%,realme,Mediatek Dimensity 7400 Processor,50MP,50MP + 8MP,1 Year,1 Year,7000,6.77,8,256
1299,3.7,40,2499,48%,Micromax,Dimensity 6300 Processor,0.08MP,0.08MP,No Warranty,No Warranty,1200,2.4,8,0
1384,3.7,40,2899,52%,TOUCH,Dimensity 6300 Processor,2MP,2MP,Up to 6 Months,No Warranty,1800,1.8,8,0
21999,4.2,40,32999,21%,Motorola,Dimensity 7020 Processor,50MP,16MP,1 Year,1 Year,6000,6.5,12,256
999,3.8,40,1999,50%,GFive,Dimensity 6300 Processor,1MP,1MP,1 Year,No Warranty,3000,2.8,8,0
21790,4.4,40,28999,24%,REDMI,Dimensity 7300 Ultra Processor,50MP,50MP + 8MP + 2MP,1 Year,1 Year,5500,6.67,8,128
24999,4.5,40,31999,21%,vivo,Snapdragon 7 Gen 3 Processor,50MP,50MP + 8MP,1 Year,1 Year,5500,6.77,8,256
25999,4.6,41,32999,21%,realme,Dimensity 7400 Ultra Processor,50MP,50MP + 8MP,1 Year,1 Year,10001,6.8,8,128
999,3.8,41,1999,50%,GFive,Dimensity 6300 Processor,1MP,1MP,1 Year,No Warranty,3000,2.8,8,0
24999,4.5,41,31999,21%,vivo,Snapdragon 7 Gen 3 Processor,50MP,50MP + 8MP,1 Year,1 Year,5500,6.77,8,256
21790,4.4,41,28999,24%,REDMI,Dimensity 7300 Ultra Processor,50MP,50MP + 8MP + 2MP,1 Year,1 Year,5500,6.67,8,128
25999,4.4,41,33999,23%,realme,Dimensity 8350 Ultra Processor,50MP,50MP + 8MP,1 Year,1 Year,6000,6.83,8,256
26999,4.5,41,35999,25%,realme,Dimensity 8350 Ultra Processor,50MP,50MP + 8MP,1 Year,1 Year,6000,6.83,12,256
23999,4.4,41,31999,25%,realme,Dimensity 8350 Ultra Processor,50MP,50MP + 8MP,1 Year,1 Year,6000,6.83,8,128
27999,4.4,41,31999,12%,vivo,Dimensity 7300 Processor,50MP,50MP + 2MP,1 Year,1 Year,5500,6.77,8,256
14999,4.1,41,23999,37%,MOTOROLA,Qualcomm Snapdragon 695 5G Processor,50MP,16MP,1 Year,1 Year,5000,6.6,6,128
1499,4.2,41,2999,50%,ringme,Dimensity 6300 Processor,1MP,1MP,Up to 6 Months,No Warranty,4000,2.4,8,0
709,3.4,41,1749,59%,Jio,Dimensity 6300 Processor,0.3MP,0MP,1 Year,No Warranty,1000,1.77,128,0
17444,4.2,41,21499,18%,Samsung,Dimensity 6300 Processor,50MP,50MP + 5MP + 2MP,1 Year,1 Year,5000,6.7,8,128
23675,4.4,41,32999,28%,OPPO,Dimensity 7300 Processor,50MP,50MP + 2MP,1 Year,1 Year,6000,6.7,8,128
23999,4.4,41,33999,29%,POCO,Dimensity D8400 Ultra Processor,50MP,50MP + 8MP,1 Year,1 Year,6550,6.67,12,256
32385,4.4,41,56999,43%,OnePlus,Dimensity 6300 Processor,50MP,50MP,1 Year,1 Year,5000,6.7,8,128
22999,4.4,41,25999,11%,vivo,Dimensity 6300 Processor,50MP,50MP + 2MP,1 Year,1 Year,6000,6.74,8,128
11674,4.1,41,15499,24%,Samsung,MEDIATEK Processor,50MP,50MP,1 Year,1 Year,5000,6.7,4,128
43599,4.6,41,45999,5%,OPPO,Dimensity 6300 Processor,50MP,50MP + 50MP + 8MP,1 Year,1 Year,6500,6.59,8,256
17999,4.3,41,24999,28%,POCO,Dimensity 7300 Ultra Processor,50MP,50MP + 8MP + 2MP,1 Year,1 Year,5500,6.67,8,128
34999,4.3,41,39999,12%,realme,Dimensity 8400-MAX Processor,50MP,50MP + 8MP,No Warranty,No Warranty,7000,6.8,8,256
